-- phpMyAdmin SQL Dump
-- version 4.9.5
-- https://www.phpmyadmin.net/
--
-- Host: localhost:3306
-- Generation Time: Dec 02, 2020 at 03:29 AM
-- Server version: 5.7.32-log
-- PHP Version: 7.3.6

SET SQL_MODE = "NO_AUTO_VALUE_ON_ZERO";
SET AUTOCOMMIT = 0;
START TRANSACTION;
SET time_zone = "+00:00";


/*!40101 SET @OLD_CHARACTER_SET_CLIENT=@@CHARACTER_SET_CLIENT */;
/*!40101 SET @OLD_CHARACTER_SET_RESULTS=@@CHARACTER_SET_RESULTS */;
/*!40101 SET @OLD_COLLATION_CONNECTION=@@COLLATION_CONNECTION */;
/*!40101 SET NAMES utf8mb4 */;

--
-- Database: `sicenter_SICenter_database`
--

-- --------------------------------------------------------

--
-- Table structure for table `assignments`
--

CREATE TABLE `assignments` (
  `id` bigint(20) UNSIGNED NOT NULL,
  `lesson_id` bigint(20) UNSIGNED NOT NULL,
  `url` varchar(255) COLLATE utf8mb4_unicode_ci NOT NULL,
  `created_at` timestamp NULL DEFAULT NULL,
  `updated_at` timestamp NULL DEFAULT NULL
) ENGINE=InnoDB DEFAULT CHARSET=utf8mb4 COLLATE=utf8mb4_unicode_ci;

-- --------------------------------------------------------

--
-- Table structure for table `attendances`
--

CREATE TABLE `attendances` (
  `id` bigint(20) UNSIGNED NOT NULL,
  `user_id` bigint(20) UNSIGNED NOT NULL,
  `lesson_id` bigint(20) UNSIGNED NOT NULL,
  `date` datetime NOT NULL,
  `created_at` timestamp NULL DEFAULT NULL,
  `updated_at` timestamp NULL DEFAULT NULL
) ENGINE=InnoDB DEFAULT CHARSET=utf8mb4 COLLATE=utf8mb4_unicode_ci;

--
-- Dumping data for table `attendances`
--

INSERT INTO `attendances` (`id`, `user_id`, `lesson_id`, `date`, `created_at`, `updated_at`) VALUES
(6, 38, 10, '2020-08-04 15:00:04', '2020-08-04 13:00:04', '2020-08-04 13:00:04'),
(7, 92, 10, '2020-08-04 15:00:06', '2020-08-04 13:00:06', '2020-08-04 13:00:06'),
(9, 43, 10, '2020-08-04 15:00:32', '2020-08-04 13:00:32', '2020-08-04 13:00:32'),
(10, 90, 10, '2020-08-04 15:04:44', '2020-08-04 13:04:44', '2020-08-04 13:04:44'),
(11, 147, 10, '2020-08-04 15:05:12', '2020-08-04 13:05:12', '2020-08-04 13:05:12'),
(12, 62, 10, '2020-08-04 15:05:54', '2020-08-04 13:05:54', '2020-08-04 13:05:54'),
(13, 41, 10, '2020-08-04 15:06:08', '2020-08-04 13:06:08', '2020-08-04 13:06:08'),
(14, 54, 10, '2020-08-04 15:07:42', '2020-08-04 13:07:42', '2020-08-04 13:07:42'),
(15, 111, 10, '2020-08-04 15:09:01', '2020-08-04 13:09:01', '2020-08-04 13:09:01'),
(16, 37, 10, '2020-08-04 15:13:11', '2020-08-04 13:13:11', '2020-08-04 13:13:11'),
(17, 36, 10, '2020-08-04 15:13:30', '2020-08-04 13:13:30', '2020-08-04 13:13:30'),
(18, 25, 10, '2020-08-04 15:28:34', '2020-08-04 13:28:34', '2020-08-04 13:28:34'),
(19, 87, 10, '2020-08-04 15:53:37', '2020-08-04 13:53:37', '2020-08-04 13:53:37'),
(20, 51, 10, '2020-08-04 15:56:16', '2020-08-04 13:56:16', '2020-08-04 13:56:16'),
(21, 101, 10, '2020-08-04 16:13:28', '2020-08-04 14:13:28', '2020-08-04 14:13:28'),
(22, 92, 12, '2020-08-04 16:45:14', '2020-08-04 14:45:14', '2020-08-04 14:45:14'),
(23, 101, 12, '2020-08-04 16:46:51', '2020-08-04 14:46:51', '2020-08-04 14:46:51'),
(24, 97, 12, '2020-08-04 16:53:33', '2020-08-04 14:53:33', '2020-08-04 14:53:33'),
(25, 59, 12, '2020-08-04 16:56:13', '2020-08-04 14:56:13', '2020-08-04 14:56:13'),
(26, 17, 12, '2020-08-04 16:59:20', '2020-08-04 14:59:20', '2020-08-04 14:59:20'),
(27, 33, 12, '2020-08-04 17:00:09', '2020-08-04 15:00:09', '2020-08-04 15:00:09'),
(28, 30, 12, '2020-08-04 17:00:10', '2020-08-04 15:00:10', '2020-08-04 15:00:10'),
(29, 56, 12, '2020-08-04 17:01:05', '2020-08-04 15:01:05', '2020-08-04 15:01:05'),
(30, 97, 10, '2020-08-04 17:03:11', '2020-08-04 15:03:11', '2020-08-04 15:03:11'),
(31, 142, 12, '2020-08-04 17:04:37', '2020-08-04 15:04:37', '2020-08-04 15:04:37'),
(32, 31, 12, '2020-08-04 17:06:06', '2020-08-04 15:06:06', '2020-08-04 15:06:06'),
(33, 19, 12, '2020-08-04 17:06:15', '2020-08-04 15:06:15', '2020-08-04 15:06:15'),
(34, 19, 10, '2020-08-04 17:06:41', '2020-08-04 15:06:41', '2020-08-04 15:06:41'),
(35, 64, 12, '2020-08-04 17:06:53', '2020-08-04 15:06:53', '2020-08-04 15:06:53'),
(36, 80, 10, '2020-08-04 17:07:07', '2020-08-04 15:07:07', '2020-08-04 15:07:07'),
(37, 15, 12, '2020-08-04 17:08:18', '2020-08-04 15:08:18', '2020-08-04 15:08:18'),
(38, 157, 12, '2020-08-04 17:09:45', '2020-08-04 15:09:45', '2020-08-04 15:09:45'),
(39, 22, 12, '2020-08-04 17:10:37', '2020-08-04 15:10:37', '2020-08-04 15:10:37'),
(40, 23, 12, '2020-08-04 17:11:32', '2020-08-04 15:11:32', '2020-08-04 15:11:32'),
(41, 71, 12, '2020-08-04 17:12:15', '2020-08-04 15:12:15', '2020-08-04 15:12:15'),
(42, 42, 12, '2020-08-04 17:12:50', '2020-08-04 15:12:50', '2020-08-04 15:12:50'),
(43, 49, 12, '2020-08-04 17:13:09', '2020-08-04 15:13:09', '2020-08-04 15:13:09'),
(44, 27, 12, '2020-08-04 17:14:08', '2020-08-04 15:14:08', '2020-08-04 15:14:08'),
(45, 102, 12, '2020-08-04 17:15:25', '2020-08-04 15:15:25', '2020-08-04 15:15:25'),
(46, 22, 10, '2020-08-04 17:15:46', '2020-08-04 15:15:46', '2020-08-04 15:15:46'),
(47, 49, 10, '2020-08-04 17:16:04', '2020-08-04 15:16:04', '2020-08-04 15:16:04'),
(48, 65, 12, '2020-08-04 17:16:40', '2020-08-04 15:16:40', '2020-08-04 15:16:40'),
(49, 132, 12, '2020-08-04 17:20:09', '2020-08-04 15:20:09', '2020-08-04 15:20:09'),
(50, 57, 10, '2020-08-04 17:20:17', '2020-08-04 15:20:17', '2020-08-04 15:20:17'),
(51, 98, 12, '2020-08-04 17:22:54', '2020-08-04 15:22:54', '2020-08-04 15:22:54'),
(52, 57, 12, '2020-08-04 17:23:33', '2020-08-04 15:23:33', '2020-08-04 15:23:33'),
(53, 155, 12, '2020-08-04 17:25:44', '2020-08-04 15:25:44', '2020-08-04 15:25:44'),
(54, 15, 10, '2020-08-04 17:25:55', '2020-08-04 15:25:55', '2020-08-04 15:25:55'),
(55, 110, 12, '2020-08-04 17:29:03', '2020-08-04 15:29:03', '2020-08-04 15:29:03'),
(56, 162, 12, '2020-08-04 17:30:51', '2020-08-04 15:30:51', '2020-08-04 15:30:51'),
(57, 52, 12, '2020-08-04 17:32:30', '2020-08-04 15:32:30', '2020-08-04 15:32:30'),
(58, 156, 12, '2020-08-04 17:33:46', '2020-08-04 15:33:46', '2020-08-04 15:33:46'),
(59, 45, 12, '2020-08-04 17:34:25', '2020-08-04 15:34:25', '2020-08-04 15:34:25'),
(60, 156, 10, '2020-08-04 17:35:36', '2020-08-04 15:35:36', '2020-08-04 15:35:36'),
(61, 52, 10, '2020-08-04 17:37:01', '2020-08-04 15:37:01', '2020-08-04 15:37:01'),
(62, 39, 12, '2020-08-04 17:40:47', '2020-08-04 15:40:47', '2020-08-04 15:40:47'),
(63, 48, 12, '2020-08-04 17:44:12', '2020-08-04 15:44:12', '2020-08-04 15:44:12'),
(64, 80, 12, '2020-08-04 17:50:01', '2020-08-04 15:50:01', '2020-08-04 15:50:01'),
(65, 165, 12, '2020-08-04 17:54:00', '2020-08-04 15:54:00', '2020-08-04 15:54:00'),
(66, 142, 10, '2020-08-04 18:06:00', '2020-08-04 16:06:00', '2020-08-04 16:06:00'),
(67, 27, 10, '2020-08-04 18:07:38', '2020-08-04 16:07:38', '2020-08-04 16:07:38'),
(68, 31, 10, '2020-08-04 18:08:52', '2020-08-04 16:08:52', '2020-08-04 16:08:52'),
(69, 157, 10, '2020-08-04 18:09:25', '2020-08-04 16:09:25', '2020-08-04 16:09:25'),
(70, 17, 13, '2020-08-04 18:10:02', '2020-08-04 16:10:02', '2020-08-04 16:10:02'),
(71, 162, 13, '2020-08-04 18:10:04', '2020-08-04 16:10:04', '2020-08-04 16:10:04'),
(72, 19, 13, '2020-08-04 18:10:13', '2020-08-04 16:10:13', '2020-08-04 16:10:13'),
(73, 157, 13, '2020-08-04 18:10:33', '2020-08-04 16:10:33', '2020-08-04 16:10:33'),
(74, 59, 13, '2020-08-04 18:10:41', '2020-08-04 16:10:41', '2020-08-04 16:10:41'),
(75, 132, 13, '2020-08-04 18:11:27', '2020-08-04 16:11:27', '2020-08-04 16:11:27'),
(76, 78, 13, '2020-08-04 18:13:41', '2020-08-04 16:13:41', '2020-08-04 16:13:41'),
(77, 52, 13, '2020-08-04 18:14:08', '2020-08-04 16:14:08', '2020-08-04 16:14:08'),
(78, 156, 13, '2020-08-04 18:14:26', '2020-08-04 16:14:26', '2020-08-04 16:14:26'),
(79, 15, 13, '2020-08-04 18:15:35', '2020-08-04 16:15:35', '2020-08-04 16:15:35'),
(80, 31, 13, '2020-08-04 18:16:01', '2020-08-04 16:16:01', '2020-08-04 16:16:01'),
(81, 102, 10, '2020-08-04 18:16:02', '2020-08-04 16:16:02', '2020-08-04 16:16:02'),
(82, 106, 13, '2020-08-04 18:17:09', '2020-08-04 16:17:09', '2020-08-04 16:17:09'),
(83, 64, 13, '2020-08-04 18:18:35', '2020-08-04 16:18:35', '2020-08-04 16:18:35'),
(84, 24, 10, '2020-08-04 18:28:51', '2020-08-04 16:28:51', '2020-08-04 16:28:51'),
(85, 24, 13, '2020-08-04 18:33:12', '2020-08-04 16:33:12', '2020-08-04 16:33:12'),
(86, 48, 10, '2020-08-04 18:38:06', '2020-08-04 16:38:06', '2020-08-04 16:38:06'),
(87, 35, 10, '2020-08-04 18:38:41', '2020-08-04 16:38:41', '2020-08-04 16:38:41'),
(88, 52, 14, '2020-08-04 19:00:11', '2020-08-04 17:00:11', '2020-08-04 17:00:11'),
(89, 17, 14, '2020-08-04 19:00:58', '2020-08-04 17:00:58', '2020-08-04 17:00:58'),
(90, 106, 14, '2020-08-04 19:01:50', '2020-08-04 17:01:50', '2020-08-04 17:01:50'),
(91, 102, 14, '2020-08-04 19:01:52', '2020-08-04 17:01:52', '2020-08-04 17:01:52'),
(92, 131, 14, '2020-08-04 19:02:30', '2020-08-04 17:02:30', '2020-08-04 17:02:30'),
(93, 35, 14, '2020-08-04 19:03:45', '2020-08-04 17:03:45', '2020-08-04 17:03:45'),
(94, 131, 10, '2020-08-04 19:06:05', '2020-08-04 17:06:05', '2020-08-04 17:06:05'),
(95, 140, 14, '2020-08-04 19:09:53', '2020-08-04 17:09:53', '2020-08-04 17:09:53'),
(96, 19, 14, '2020-08-04 19:14:36', '2020-08-04 17:14:36', '2020-08-04 17:14:36'),
(97, 110, 14, '2020-08-04 19:23:24', '2020-08-04 17:23:24', '2020-08-04 17:23:24'),
(98, 157, 14, '2020-08-04 19:37:47', '2020-08-04 17:37:47', '2020-08-04 17:37:47'),
(99, 25, 14, '2020-08-04 19:48:11', '2020-08-04 17:48:11', '2020-08-04 17:48:11'),
(100, 24, 12, '2020-08-04 19:49:00', '2020-08-04 17:49:00', '2020-08-04 17:49:00'),
(102, 81, 14, '2020-08-04 20:54:14', '2020-08-04 18:54:14', '2020-08-04 18:54:14'),
(103, 48, 14, '2020-08-04 21:02:06', '2020-08-04 19:02:06', '2020-08-04 19:02:06'),
(104, 156, 14, '2020-08-04 21:04:59', '2020-08-04 19:04:59', '2020-08-04 19:04:59'),
(105, 39, 14, '2020-08-04 23:35:11', '2020-08-04 21:35:11', '2020-08-04 21:35:11'),
(106, 18, 14, '2020-08-05 01:39:22', '2020-08-04 23:39:22', '2020-08-04 23:39:22'),
(107, 126, 14, '2020-08-05 01:41:13', '2020-08-04 23:41:13', '2020-08-04 23:41:13'),
(108, 21, 14, '2020-08-05 01:54:48', '2020-08-04 23:54:48', '2020-08-04 23:54:48'),
(109, 102, 13, '2020-08-05 01:58:20', '2020-08-04 23:58:20', '2020-08-04 23:58:20'),
(110, 188, 14, '2020-08-05 02:41:19', '2020-08-05 00:41:19', '2020-08-05 00:41:19'),
(111, 67, 10, '2020-08-05 11:27:55', '2020-08-05 09:27:55', '2020-08-05 09:27:55'),
(112, 188, 10, '2020-08-05 13:28:08', '2020-08-05 11:28:08', '2020-08-05 11:28:08'),
(113, 170, 10, '2020-08-05 14:53:36', '2020-08-05 12:53:36', '2020-08-05 12:53:36'),
(114, 95, 10, '2020-08-05 15:02:42', '2020-08-05 13:02:42', '2020-08-05 13:02:42'),
(115, 107, 10, '2020-08-05 15:07:47', '2020-08-05 13:07:47', '2020-08-05 13:07:47'),
(116, 95, 15, '2020-08-05 15:15:28', '2020-08-05 13:15:28', '2020-08-05 13:15:28'),
(117, 115, 15, '2020-08-05 15:15:35', '2020-08-05 13:15:35', '2020-08-05 13:15:35'),
(118, 75, 15, '2020-08-05 15:15:37', '2020-08-05 13:15:37', '2020-08-05 13:15:37'),
(119, 68, 15, '2020-08-05 15:15:45', '2020-08-05 13:15:45', '2020-08-05 13:15:45'),
(120, 107, 15, '2020-08-05 15:16:25', '2020-08-05 13:16:25', '2020-08-05 13:16:25'),
(121, 112, 15, '2020-08-05 15:16:49', '2020-08-05 13:16:49', '2020-08-05 13:16:49'),
(122, 76, 15, '2020-08-05 15:18:19', '2020-08-05 13:18:19', '2020-08-05 13:18:19'),
(123, 48, 15, '2020-08-05 15:18:31', '2020-08-05 13:18:31', '2020-08-05 13:18:31'),
(124, 170, 15, '2020-08-05 15:19:22', '2020-08-05 13:19:22', '2020-08-05 13:19:22'),
(125, 93, 15, '2020-08-05 15:19:29', '2020-08-05 13:19:29', '2020-08-05 13:19:29'),
(126, 74, 15, '2020-08-05 15:20:42', '2020-08-05 13:20:42', '2020-08-05 13:20:42'),
(127, 75, 10, '2020-08-05 15:21:41', '2020-08-05 13:21:41', '2020-08-05 13:21:41'),
(128, 76, 10, '2020-08-05 15:23:41', '2020-08-05 13:23:41', '2020-08-05 13:23:41'),
(129, 27, 15, '2020-08-05 15:24:03', '2020-08-05 13:24:03', '2020-08-05 13:24:03'),
(130, 74, 10, '2020-08-05 15:26:21', '2020-08-05 13:26:21', '2020-08-05 13:26:21'),
(131, 175, 15, '2020-08-05 15:30:23', '2020-08-05 13:30:23', '2020-08-05 13:30:23'),
(132, 112, 12, '2020-08-05 15:33:08', '2020-08-05 13:33:08', '2020-08-05 13:33:08'),
(133, 25, 15, '2020-08-05 15:36:52', '2020-08-05 13:36:52', '2020-08-05 13:36:52'),
(134, 203, 15, '2020-08-05 15:38:30', '2020-08-05 13:38:30', '2020-08-05 13:38:30'),
(135, 157, 15, '2020-08-05 15:39:58', '2020-08-05 13:39:58', '2020-08-05 13:39:58'),
(136, 174, 15, '2020-08-05 15:52:17', '2020-08-05 13:52:17', '2020-08-05 13:52:17'),
(137, 192, 15, '2020-08-05 17:02:25', '2020-08-05 15:02:25', '2020-08-05 15:02:25'),
(138, 59, 16, '2020-08-05 17:05:11', '2020-08-05 15:05:11', '2020-08-05 15:05:11'),
(139, 27, 16, '2020-08-05 17:07:27', '2020-08-05 15:07:27', '2020-08-05 15:07:27'),
(140, 95, 16, '2020-08-05 17:07:50', '2020-08-05 15:07:50', '2020-08-05 15:07:50'),
(141, 68, 16, '2020-08-05 17:08:27', '2020-08-05 15:08:27', '2020-08-05 15:08:27'),
(142, 33, 16, '2020-08-05 17:09:16', '2020-08-05 15:09:16', '2020-08-05 15:09:16'),
(143, 49, 16, '2020-08-05 17:10:04', '2020-08-05 15:10:04', '2020-08-05 15:10:04'),
(144, 206, 16, '2020-08-05 17:11:26', '2020-08-05 15:11:26', '2020-08-05 15:11:26'),
(145, 17, 16, '2020-08-05 17:14:03', '2020-08-05 15:14:03', '2020-08-05 15:14:03'),
(146, 48, 16, '2020-08-05 17:14:08', '2020-08-05 15:14:08', '2020-08-05 15:14:08'),
(147, 93, 16, '2020-08-05 17:16:27', '2020-08-05 15:16:27', '2020-08-05 15:16:27'),
(148, 188, 16, '2020-08-05 17:17:12', '2020-08-05 15:17:12', '2020-08-05 15:17:12'),
(149, 90, 16, '2020-08-05 17:19:17', '2020-08-05 15:19:17', '2020-08-05 15:19:17'),
(150, 35, 16, '2020-08-05 17:19:24', '2020-08-05 15:19:24', '2020-08-05 15:19:24'),
(151, 74, 16, '2020-08-05 17:20:48', '2020-08-05 15:20:48', '2020-08-05 15:20:48'),
(152, 64, 16, '2020-08-05 17:25:59', '2020-08-05 15:25:59', '2020-08-05 15:25:59'),
(153, 82, 16, '2020-08-05 17:28:31', '2020-08-05 15:28:31', '2020-08-05 15:28:31'),
(154, 52, 16, '2020-08-05 17:35:02', '2020-08-05 15:35:02', '2020-08-05 15:35:02'),
(155, 56, 16, '2020-08-05 17:39:08', '2020-08-05 15:39:08', '2020-08-05 15:39:08'),
(156, 131, 16, '2020-08-05 17:52:16', '2020-08-05 15:52:16', '2020-08-05 15:52:16'),
(157, 75, 16, '2020-08-05 17:59:08', '2020-08-05 15:59:08', '2020-08-05 15:59:08'),
(158, 132, 16, '2020-08-05 18:36:33', '2020-08-05 16:36:33', '2020-08-05 16:36:33'),
(159, 20, 16, '2020-08-05 18:50:49', '2020-08-05 16:50:49', '2020-08-05 16:50:49'),
(160, 21, 16, '2020-08-05 19:00:12', '2020-08-05 17:00:12', '2020-08-05 17:00:12'),
(161, 58, 16, '2020-08-05 19:00:51', '2020-08-05 17:00:51', '2020-08-05 17:00:51'),
(164, 106, 16, '2020-08-05 19:02:51', '2020-08-05 17:02:51', '2020-08-05 17:02:51'),
(165, 20, 21, '2020-08-05 19:05:06', '2020-08-05 17:05:06', '2020-08-05 17:05:06'),
(166, 108, 21, '2020-08-05 19:05:07', '2020-08-05 17:05:07', '2020-08-05 17:05:07'),
(167, 21, 21, '2020-08-05 19:05:11', '2020-08-05 17:05:11', '2020-08-05 17:05:11'),
(168, 52, 21, '2020-08-05 19:05:25', '2020-08-05 17:05:25', '2020-08-05 17:05:25'),
(169, 90, 21, '2020-08-05 19:06:36', '2020-08-05 17:06:36', '2020-08-05 17:06:36'),
(170, 48, 21, '2020-08-05 19:06:51', '2020-08-05 17:06:51', '2020-08-05 17:06:51'),
(171, 106, 21, '2020-08-05 19:07:03', '2020-08-05 17:07:03', '2020-08-05 17:07:03'),
(172, 27, 21, '2020-08-05 19:09:06', '2020-08-05 17:09:06', '2020-08-05 17:09:06'),
(173, 131, 21, '2020-08-05 19:13:02', '2020-08-05 17:13:02', '2020-08-05 17:13:02'),
(174, 56, 21, '2020-08-05 19:15:48', '2020-08-05 17:15:48', '2020-08-05 17:15:48'),
(175, 74, 21, '2020-08-05 19:26:31', '2020-08-05 17:26:31', '2020-08-05 17:26:31'),
(176, 201, 21, '2020-08-05 19:27:14', '2020-08-05 17:27:14', '2020-08-05 17:27:14'),
(177, 188, 21, '2020-08-05 19:28:44', '2020-08-05 17:28:44', '2020-08-05 17:28:44'),
(178, 81, 21, '2020-08-05 19:34:31', '2020-08-05 17:34:31', '2020-08-05 17:34:31'),
(179, 214, 21, '2020-08-05 19:36:48', '2020-08-05 17:36:48', '2020-08-05 17:36:48'),
(180, 58, 21, '2020-08-05 19:38:48', '2020-08-05 17:38:48', '2020-08-05 17:38:48'),
(181, 174, 21, '2020-08-05 20:09:43', '2020-08-05 18:09:43', '2020-08-05 18:09:43'),
(182, 110, 21, '2020-08-05 20:17:54', '2020-08-05 18:17:54', '2020-08-05 18:17:54'),
(183, 216, 21, '2020-08-05 20:18:14', '2020-08-05 18:18:14', '2020-08-05 18:18:14'),
(184, 219, 21, '2020-08-05 20:29:47', '2020-08-05 18:29:47', '2020-08-05 18:29:47'),
(185, 105, 21, '2020-08-05 20:34:26', '2020-08-05 18:34:26', '2020-08-05 18:34:26'),
(186, 218, 21, '2020-08-05 20:35:44', '2020-08-05 18:35:44', '2020-08-05 18:35:44'),
(187, 133, 21, '2020-08-05 20:39:43', '2020-08-05 18:39:43', '2020-08-05 18:39:43'),
(188, 220, 21, '2020-08-05 21:27:19', '2020-08-05 19:27:19', '2020-08-05 19:27:19'),
(189, 221, 21, '2020-08-05 22:16:12', '2020-08-05 20:16:12', '2020-08-05 20:16:12'),
(190, 134, 21, '2020-08-05 22:32:00', '2020-08-05 20:32:00', '2020-08-05 20:32:00'),
(191, 143, 21, '2020-08-05 22:38:39', '2020-08-05 20:38:39', '2020-08-05 20:38:39'),
(192, 55, 21, '2020-08-05 22:40:22', '2020-08-05 20:40:22', '2020-08-05 20:40:22'),
(193, 139, 21, '2020-08-05 22:58:50', '2020-08-05 20:58:50', '2020-08-05 20:58:50'),
(194, 223, 21, '2020-08-05 23:21:01', '2020-08-05 21:21:01', '2020-08-05 21:21:01'),
(195, 181, 21, '2020-08-05 23:38:21', '2020-08-05 21:38:21', '2020-08-05 21:38:21'),
(196, 229, 21, '2020-08-05 23:41:30', '2020-08-05 21:41:30', '2020-08-05 21:41:30'),
(197, 224, 21, '2020-08-05 23:41:45', '2020-08-05 21:41:45', '2020-08-05 21:41:45'),
(198, 103, 22, '2020-08-05 23:45:23', '2020-08-05 21:45:23', '2020-08-05 21:45:23'),
(199, 139, 22, '2020-08-05 23:45:30', '2020-08-05 21:45:30', '2020-08-05 21:45:30'),
(200, 229, 22, '2020-08-05 23:46:33', '2020-08-05 21:46:33', '2020-08-05 21:46:33'),
(201, 181, 22, '2020-08-05 23:47:32', '2020-08-05 21:47:32', '2020-08-05 21:47:32'),
(202, 216, 22, '2020-08-05 23:47:54', '2020-08-05 21:47:54', '2020-08-05 21:47:54'),
(203, 223, 22, '2020-08-05 23:48:11', '2020-08-05 21:48:11', '2020-08-05 21:48:11'),
(204, 50, 22, '2020-08-05 23:48:20', '2020-08-05 21:48:20', '2020-08-05 21:48:20'),
(205, 221, 22, '2020-08-05 23:49:58', '2020-08-05 21:49:58', '2020-08-05 21:49:58'),
(206, 50, 21, '2020-08-05 23:50:33', '2020-08-05 21:50:33', '2020-08-05 21:50:33'),
(207, 133, 22, '2020-08-05 23:51:28', '2020-08-05 21:51:28', '2020-08-05 21:51:28'),
(208, 92, 22, '2020-08-05 23:51:54', '2020-08-05 21:51:54', '2020-08-05 21:51:54'),
(209, 103, 21, '2020-08-05 23:52:36', '2020-08-05 21:52:36', '2020-08-05 21:52:36'),
(210, 134, 22, '2020-08-05 23:55:15', '2020-08-05 21:55:15', '2020-08-05 21:55:15'),
(211, 218, 22, '2020-08-06 00:00:28', '2020-08-05 22:00:28', '2020-08-05 22:00:28'),
(212, 230, 22, '2020-08-06 00:02:36', '2020-08-05 22:02:36', '2020-08-05 22:02:36'),
(213, 230, 21, '2020-08-06 00:08:10', '2020-08-05 22:08:10', '2020-08-05 22:08:10'),
(214, 55, 22, '2020-08-06 00:24:38', '2020-08-05 22:24:38', '2020-08-05 22:24:38'),
(215, 184, 21, '2020-08-06 00:31:18', '2020-08-05 22:31:18', '2020-08-05 22:31:18'),
(216, 216, 23, '2020-08-06 00:35:06', '2020-08-05 22:35:06', '2020-08-05 22:35:06'),
(217, 55, 23, '2020-08-06 00:36:01', '2020-08-05 22:36:01', '2020-08-05 22:36:01'),
(218, 235, 23, '2020-08-06 00:37:58', '2020-08-05 22:37:58', '2020-08-05 22:37:58'),
(219, 235, 21, '2020-08-06 00:39:16', '2020-08-05 22:39:16', '2020-08-05 22:39:16'),
(220, 223, 23, '2020-08-06 00:39:47', '2020-08-05 22:39:47', '2020-08-05 22:39:47'),
(221, 235, 22, '2020-08-06 00:40:37', '2020-08-05 22:40:37', '2020-08-05 22:40:37'),
(222, 229, 23, '2020-08-06 00:43:32', '2020-08-05 22:43:32', '2020-08-05 22:43:32'),
(223, 219, 23, '2020-08-06 00:50:34', '2020-08-05 22:50:34', '2020-08-05 22:50:34'),
(224, 218, 23, '2020-08-06 00:54:46', '2020-08-05 22:54:46', '2020-08-05 22:54:46'),
(225, 239, 23, '2020-08-06 00:56:35', '2020-08-05 22:56:35', '2020-08-05 22:56:35'),
(226, 92, 23, '2020-08-06 00:56:44', '2020-08-05 22:56:44', '2020-08-05 22:56:44'),
(227, 134, 23, '2020-08-06 01:02:07', '2020-08-05 23:02:07', '2020-08-05 23:02:07'),
(228, 222, 23, '2020-08-06 01:10:07', '2020-08-05 23:10:07', '2020-08-05 23:10:07'),
(229, 233, 23, '2020-08-06 01:12:20', '2020-08-05 23:12:20', '2020-08-05 23:12:20'),
(230, 222, 21, '2020-08-06 01:21:47', '2020-08-05 23:21:47', '2020-08-05 23:21:47'),
(231, 45, 23, '2020-08-06 02:26:41', '2020-08-06 00:26:41', '2020-08-06 00:26:41'),
(232, 174, 23, '2020-08-06 11:06:41', '2020-08-06 09:06:41', '2020-08-06 09:06:41'),
(233, 195, 21, '2020-08-06 11:44:25', '2020-08-06 09:44:25', '2020-08-06 09:44:25'),
(234, 195, 23, '2020-08-06 11:53:27', '2020-08-06 09:53:27', '2020-08-06 09:53:27'),
(235, 221, 23, '2020-08-06 12:35:23', '2020-08-06 10:35:23', '2020-08-06 10:35:23'),
(236, 146, 23, '2020-08-06 13:59:53', '2020-08-06 11:59:53', '2020-08-06 11:59:53'),
(237, 158, 23, '2020-08-06 16:03:11', '2020-08-06 14:03:11', '2020-08-06 14:03:11'),
(238, 48, 23, '2020-08-06 16:14:31', '2020-08-06 14:14:31', '2020-08-06 14:14:31'),
(239, 116, 23, '2020-08-06 16:27:14', '2020-08-06 14:27:14', '2020-08-06 14:27:14'),
(240, 188, 23, '2020-08-06 16:47:46', '2020-08-06 14:47:46', '2020-08-06 14:47:46'),
(241, 142, 23, '2020-08-06 17:03:37', '2020-08-06 15:03:37', '2020-08-06 15:03:37'),
(242, 27, 23, '2020-08-06 17:08:29', '2020-08-06 15:08:29', '2020-08-06 15:08:29'),
(243, 115, 24, '2020-08-06 17:18:06', '2020-08-06 15:18:06', '2020-08-06 15:18:06'),
(244, 157, 23, '2020-08-06 17:19:18', '2020-08-06 15:19:18', '2020-08-06 15:19:18'),
(245, 157, 24, '2020-08-06 17:20:24', '2020-08-06 15:20:24', '2020-08-06 15:20:24'),
(246, 48, 24, '2020-08-06 17:22:36', '2020-08-06 15:22:36', '2020-08-06 15:22:36'),
(247, 132, 23, '2020-08-06 17:25:07', '2020-08-06 15:25:07', '2020-08-06 15:25:07'),
(248, 247, 24, '2020-08-06 17:43:44', '2020-08-06 15:43:44', '2020-08-06 15:43:44'),
(249, 74, 24, '2020-08-06 17:43:52', '2020-08-06 15:43:52', '2020-08-06 15:43:52'),
(250, 170, 23, '2020-08-06 17:47:13', '2020-08-06 15:47:13', '2020-08-06 15:47:13'),
(251, 170, 24, '2020-08-06 17:48:37', '2020-08-06 15:48:37', '2020-08-06 15:48:37'),
(252, 148, 23, '2020-08-06 17:53:45', '2020-08-06 15:53:45', '2020-08-06 15:53:45'),
(253, 64, 23, '2020-08-06 17:55:06', '2020-08-06 15:55:06', '2020-08-06 15:55:06'),
(254, 127, 23, '2020-08-06 17:56:50', '2020-08-06 15:56:50', '2020-08-06 15:56:50'),
(255, 64, 25, '2020-08-06 18:00:08', '2020-08-06 16:00:08', '2020-08-06 16:00:08'),
(256, 127, 25, '2020-08-06 18:00:55', '2020-08-06 16:00:55', '2020-08-06 16:00:55'),
(257, 48, 25, '2020-08-06 18:02:19', '2020-08-06 16:02:19', '2020-08-06 16:02:19'),
(258, 170, 25, '2020-08-06 18:04:15', '2020-08-06 16:04:15', '2020-08-06 16:04:15'),
(259, 116, 25, '2020-08-06 18:06:26', '2020-08-06 16:06:26', '2020-08-06 16:06:26'),
(260, 247, 25, '2020-08-06 18:07:24', '2020-08-06 16:07:24', '2020-08-06 16:07:24'),
(261, 58, 25, '2020-08-06 18:12:17', '2020-08-06 16:12:17', '2020-08-06 16:12:17'),
(262, 206, 23, '2020-08-06 18:52:02', '2020-08-06 16:52:02', '2020-08-06 16:52:02'),
(263, 219, 26, '2020-08-06 19:06:21', '2020-08-06 17:06:21', '2020-08-06 17:06:21'),
(264, 146, 26, '2020-08-06 19:08:44', '2020-08-06 17:08:44', '2020-08-06 17:08:44'),
(265, 221, 26, '2020-08-06 19:10:17', '2020-08-06 17:10:17', '2020-08-06 17:10:17'),
(266, 129, 26, '2020-08-06 19:19:53', '2020-08-06 17:19:53', '2020-08-06 17:19:53'),
(267, 146, 22, '2020-08-06 19:20:59', '2020-08-06 17:20:59', '2020-08-06 17:20:59'),
(268, 243, 26, '2020-08-07 01:10:33', '2020-08-06 23:10:33', '2020-08-06 23:10:33'),
(269, 207, 25, '2020-08-07 02:01:06', '2020-08-07 00:01:06', '2020-08-07 00:01:06'),
(270, 207, 26, '2020-08-07 02:02:39', '2020-08-07 00:02:39', '2020-08-07 00:02:39'),
(271, 226, 25, '2020-08-07 02:50:23', '2020-08-07 00:50:23', '2020-08-07 00:50:23'),
(272, 237, 26, '2020-08-07 10:54:51', '2020-08-07 08:54:51', '2020-08-07 08:54:51'),
(273, 192, 25, '2020-08-07 14:02:43', '2020-08-07 12:02:43', '2020-08-07 12:02:43'),
(274, 243, 22, '2020-08-07 14:37:57', '2020-08-07 12:37:57', '2020-08-07 12:37:57'),
(275, 80, 25, '2020-08-08 02:18:04', '2020-08-08 00:18:04', '2020-08-08 00:18:04'),
(276, 48, 26, '2020-08-08 16:12:30', '2020-08-08 14:12:30', '2020-08-08 14:12:30'),
(277, 157, 26, '2020-08-08 17:47:57', '2020-08-08 15:47:57', '2020-08-08 15:47:57'),
(278, 52, 25, '2020-08-08 18:59:35', '2020-08-08 16:59:35', '2020-08-08 16:59:35'),
(279, 189, 25, '2020-08-09 15:32:21', '2020-08-09 13:32:21', '2020-08-09 13:32:21'),
(280, 143, 25, '2020-08-09 17:31:19', '2020-08-09 15:31:19', '2020-08-09 15:31:19'),
(281, 139, 25, '2020-08-09 18:01:40', '2020-08-09 16:01:40', '2020-08-09 16:01:40'),
(282, 139, 26, '2020-08-09 18:18:38', '2020-08-09 16:18:38', '2020-08-09 16:18:38'),
(283, 232, 26, '2020-08-10 14:04:31', '2020-08-10 12:04:31', '2020-08-10 12:04:31'),
(284, 232, 25, '2020-08-10 22:33:28', '2020-08-10 20:33:28', '2020-08-10 20:33:28'),
(285, 38, 25, '2020-09-03 09:18:20', '2020-09-03 07:18:20', '2020-09-03 07:18:20'),
(286, 118, 25, '2020-10-24 13:41:37', '2020-10-24 11:41:37', '2020-10-24 11:41:37'),
(287, 55, 26, '2020-10-24 16:10:55', '2020-10-24 14:10:55', '2020-10-24 14:10:55'),
(288, 124, 25, '2020-10-24 18:00:53', '2020-10-24 16:00:53', '2020-10-24 16:00:53'),
(289, 15, 25, '2020-10-24 18:57:54', '2020-10-24 16:57:54', '2020-10-24 16:57:54'),
(290, 64, 26, '2020-10-24 19:10:17', '2020-10-24 17:10:17', '2020-10-24 17:10:17'),
(291, 104, 25, '2020-10-24 20:24:28', '2020-10-24 18:24:28', '2020-10-24 18:24:28'),
(292, 104, 26, '2020-10-24 20:24:55', '2020-10-24 18:24:55', '2020-10-24 18:24:55'),
(293, 65, 26, '2020-10-24 21:04:11', '2020-10-24 19:04:11', '2020-10-24 19:04:11'),
(294, 113, 26, '2020-10-24 21:10:18', '2020-10-24 19:10:18', '2020-10-24 19:10:18'),
(295, 71, 25, '2020-10-24 21:54:57', '2020-10-24 19:54:57', '2020-10-24 19:54:57'),
(296, 27, 25, '2020-10-25 13:04:51', '2020-10-25 12:04:51', '2020-10-25 12:04:51'),
(297, 314, 25, '2020-10-25 14:38:00', '2020-10-25 13:38:00', '2020-10-25 13:38:00'),
(298, 105, 26, '2020-10-25 20:56:49', '2020-10-25 19:56:49', '2020-10-25 19:56:49'),
(299, 105, 25, '2020-10-25 21:00:59', '2020-10-25 20:00:59', '2020-10-25 20:00:59'),
(300, 194, 24, '2020-10-25 22:44:43', '2020-10-25 21:44:43', '2020-10-25 21:44:43'),
(301, 323, 26, '2020-10-26 15:20:46', '2020-10-26 14:20:46', '2020-10-26 14:20:46'),
(302, 180, 26, '2020-10-26 15:28:05', '2020-10-26 14:28:05', '2020-10-26 14:28:05'),
(303, 174, 26, '2020-10-26 15:28:08', '2020-10-26 14:28:08', '2020-10-26 14:28:08'),
(304, 245, 26, '2020-10-26 19:44:29', '2020-10-26 18:44:29', '2020-10-26 18:44:29'),
(305, 130, 26, '2020-10-26 19:44:50', '2020-10-26 18:44:50', '2020-10-26 18:44:50'),
(306, 19, 26, '2020-10-26 20:40:13', '2020-10-26 19:40:13', '2020-10-26 19:40:13'),
(307, 299, 26, '2020-10-27 01:07:27', '2020-10-27 00:07:27', '2020-10-27 00:07:27'),
(308, 299, 25, '2020-10-27 01:07:59', '2020-10-27 00:07:59', '2020-10-27 00:07:59'),
(309, 218, 26, '2020-10-27 02:18:54', '2020-10-27 01:18:54', '2020-10-27 01:18:54'),
(310, 201, 25, '2020-10-27 18:55:52', '2020-10-27 17:55:52', '2020-10-27 17:55:52'),
(311, 453, 26, '2020-10-28 01:36:41', '2020-10-28 00:36:41', '2020-10-28 00:36:41'),
(312, 176, 25, '2020-10-30 14:47:27', '2020-10-30 13:47:27', '2020-10-30 13:47:27'),
(313, 39, 26, '2020-11-16 13:54:43', '2020-11-16 12:54:43', '2020-11-16 12:54:43');

-- --------------------------------------------------------

--
-- Table structure for table `failed_jobs`
--

CREATE TABLE `failed_jobs` (
  `id` bigint(20) UNSIGNED NOT NULL,
  `connection` text COLLATE utf8mb4_unicode_ci NOT NULL,
  `queue` text COLLATE utf8mb4_unicode_ci NOT NULL,
  `payload` longtext COLLATE utf8mb4_unicode_ci NOT NULL,
  `exception` longtext COLLATE utf8mb4_unicode_ci NOT NULL,
  `failed_at` timestamp NOT NULL DEFAULT CURRENT_TIMESTAMP
) ENGINE=InnoDB DEFAULT CHARSET=utf8mb4 COLLATE=utf8mb4_unicode_ci;

-- --------------------------------------------------------

--
-- Table structure for table `lessons`
--

CREATE TABLE `lessons` (
  `id` bigint(20) UNSIGNED NOT NULL,
  `class_year` int(11) NOT NULL,
  `title` varchar(255) COLLATE utf8mb4_unicode_ci NOT NULL,
  `description` text COLLATE utf8mb4_unicode_ci,
  `start_url` text COLLATE utf8mb4_unicode_ci NOT NULL,
  `join_url` varchar(255) COLLATE utf8mb4_unicode_ci NOT NULL,
  `start_time` datetime NOT NULL,
  `duration` varchar(255) COLLATE utf8mb4_unicode_ci DEFAULT NULL,
  `video_url` varchar(250) COLLATE utf8mb4_unicode_ci DEFAULT NULL,
  `online` tinyint(1) NOT NULL DEFAULT '1',
  `created_at` timestamp NULL DEFAULT NULL,
  `updated_at` timestamp NULL DEFAULT NULL
) ENGINE=InnoDB DEFAULT CHARSET=utf8mb4 COLLATE=utf8mb4_unicode_ci;

--
-- Dumping data for table `lessons`
--

INSERT INTO `lessons` (`id`, `class_year`, `title`, `description`, `start_url`, `join_url`, `start_time`, `duration`, `video_url`, `online`, `created_at`, `updated_at`) VALUES
(10, 3, 'تفاضل (الاشتقاق)', 'الاشتقاق الحصه الأولى', 'https://us04web.zoom.us/s/72862235027?zak=eyJ6bV9za20iOiJ6bV9vMm0iLCJhbGciOiJIUzI1NiIsInR5cCI6IkpXVCJ9.eyJhdWQiOiJjbGllbnQiLCJ1aWQiOiJRQUNSUTFnTlMyMnlIeHc1S2h2NElRIiwiaXNzIjoid2ViIiwic3R5IjoxMDAsIndjZCI6InVzMDQiLCJjbHQiOjAsInN0ayI6IjdmXzJ0Q3otYXMtOUVuaDNWLXpKOENfd1NCVWl6TnJZWjZrTzlaV0h6WjAuQmdVZ1FYaE5NVTVLV0VSSVdUVjRWREYxZDBoYVUyUlRWa0kzTjFWWlNUTjRLMkZBTnpSbVltRmlZVEkwTVRObFpERXdZbVUzTjJRMk1URTBOelprTTJFME1tVTJNekZsWVdZM1l6Sm1aVGhsWkRSaFlqQmpPRFkwWVRGaVpUTTNZVGd5WVFBTU0wTkNRWFZ2YVZsVE0zTTlBQVIxY3pBMCIsImV4cCI6MTU5NjU1MjE1NSwiaWF0IjoxNTk2NTQ0OTU1LCJhaWQiOiI2dTA2YUU5Z1NhYXhTcDJOWXBnRF93IiwiY2lkIjoiIn0.caZnvOpm4piGRQHjnejN131IYe-ch22NsgstD-ctNXk', 'https://us04web.zoom.us/j/72862235027?pwd=bkw0blNiTUhqNSs1eTZJZDFMc2Q1UT09', '2020-08-04 15:00:00', '90', NULL, 0, '2020-08-04 12:42:35', '2020-08-04 12:42:35'),
(12, 2, 'النهايات', 'الحصه الأولي تفاضل', 'https://us04web.zoom.us/s/71174068750?zak=eyJ6bV9za20iOiJ6bV9vMm0iLCJhbGciOiJIUzI1NiIsInR5cCI6IkpXVCJ9.eyJhdWQiOiJjbGllbnQiLCJ1aWQiOiJRQUNSUTFnTlMyMnlIeHc1S2h2NElRIiwiaXNzIjoid2ViIiwic3R5IjoxMDAsIndjZCI6InVzMDQiLCJjbHQiOjAsInN0ayI6IjdmXzJ0Q3otYXMtOUVuaDNWLXpKOENfd1NCVWl6TnJZWjZrTzlaV0h6WjAuQmdVZ1FYaE5NVTVLV0VSSVdUVjRWREYxZDBoYVUyUlRWa0kzTjFWWlNUTjRLMkZBTnpSbVltRmlZVEkwTVRObFpERXdZbVUzTjJRMk1URTBOelprTTJFME1tVTJNekZsWVdZM1l6Sm1aVGhsWkRSaFlqQmpPRFkwWVRGaVpUTTNZVGd5WVFBTU0wTkNRWFZ2YVZsVE0zTTlBQVIxY3pBMCIsImV4cCI6MTU5NjU1NzA5MCwiaWF0IjoxNTk2NTQ5ODkwLCJhaWQiOiI2dTA2YUU5Z1NhYXhTcDJOWXBnRF93IiwiY2lkIjoiIn0.tL1ofR6X78VKji8stoIimiPVIp2qEDd0hvwOfzTOemY', 'https://us04web.zoom.us/j/71174068750?pwd=TjRDZE5LS2o4YldmL2RtVWRZeC9tUT09', '2020-08-04 16:45:00', '90', NULL, 0, '2020-08-04 14:04:50', '2020-08-04 14:04:50'),
(13, 2, 'تكمله الجزء التاني من النهايات', 'اتفضلو اللينك اهو', 'https://us04web.zoom.us/s/72659249976?zak=eyJ6bV9za20iOiJ6bV9vMm0iLCJhbGciOiJIUzI1NiIsInR5cCI6IkpXVCJ9.eyJhdWQiOiJjbGllbnQiLCJ1aWQiOiJRQUNSUTFnTlMyMnlIeHc1S2h2NElRIiwiaXNzIjoid2ViIiwic3R5IjoxMDAsIndjZCI6InVzMDQiLCJjbHQiOjAsInN0ayI6IjdmXzJ0Q3otYXMtOUVuaDNWLXpKOENfd1NCVWl6TnJZWjZrTzlaV0h6WjAuQmdVZ1FYaE5NVTVLV0VSSVdUVjRWREYxZDBoYVUyUlRWa0kzTjFWWlNUTjRLMkZBTnpSbVltRmlZVEkwTVRObFpERXdZbVUzTjJRMk1URTBOelprTTJFME1tVTJNekZsWVdZM1l6Sm1aVGhsWkRSaFlqQmpPRFkwWVRGaVpUTTNZVGd5WVFBTU0wTkNRWFZ2YVZsVE0zTTlBQVIxY3pBMCIsImV4cCI6MTU5NjU2NDM4MSwiaWF0IjoxNTk2NTU3MTgxLCJhaWQiOiI2dTA2YUU5Z1NhYXhTcDJOWXBnRF93IiwiY2lkIjoiIn0.R8M_XSooUsFsi66qZIMRnmQ4GIGU5q0hoK1Az4bwaRk', 'https://us04web.zoom.us/j/72659249976?pwd=K0VIVVhqMUhlbDA0U01sSWVndHlmdz09', '2020-08-04 18:10:00', '90', NULL, 0, '2020-08-04 16:06:21', '2020-08-04 16:06:21'),
(14, 2, 'استاتيكا', 'الصف الثاني الثانوي \r\nالدرس الأول محصله القوه', 'https://us04web.zoom.us/s/73629483004?zak=eyJ6bV9za20iOiJ6bV9vMm0iLCJhbGciOiJIUzI1NiIsInR5cCI6IkpXVCJ9.eyJhdWQiOiJjbGllbnQiLCJ1aWQiOiJRQUNSUTFnTlMyMnlIeHc1S2h2NElRIiwiaXNzIjoid2ViIiwic3R5IjoxMDAsIndjZCI6InVzMDQiLCJjbHQiOjAsInN0ayI6IjdmXzJ0Q3otYXMtOUVuaDNWLXpKOENfd1NCVWl6TnJZWjZrTzlaV0h6WjAuQmdVZ1FYaE5NVTVLV0VSSVdUVjRWREYxZDBoYVUyUlRWa0kzTjFWWlNUTjRLMkZBTnpSbVltRmlZVEkwTVRObFpERXdZbVUzTjJRMk1URTBOelprTTJFME1tVTJNekZsWVdZM1l6Sm1aVGhsWkRSaFlqQmpPRFkwWVRGaVpUTTNZVGd5WVFBTU0wTkNRWFZ2YVZsVE0zTTlBQVIxY3pBMCIsImV4cCI6MTU5NjU2NTkyNCwiaWF0IjoxNTk2NTU4NzI0LCJhaWQiOiI2dTA2YUU5Z1NhYXhTcDJOWXBnRF93IiwiY2lkIjoiIn0.Qo5HxP0EVlY5pamgox5sna9cW9zRbTSoJSXxhTcDdTI', 'https://us04web.zoom.us/j/73629483004?pwd=dDRoYnk4MmJwaDVCelZlcU96WHFOQT09', '2020-08-04 19:00:00', '90', NULL, 0, '2020-08-04 16:32:04', '2020-08-04 16:32:04'),
(15, 2, 'النهايات تفاضل', 'تفاضل', 'https://us04web.zoom.us/s/71367866633?zak=eyJ6bV9za20iOiJ6bV9vMm0iLCJhbGciOiJIUzI1NiIsInR5cCI6IkpXVCJ9.eyJhdWQiOiJjbGllbnQiLCJ1aWQiOiJRQUNSUTFnTlMyMnlIeHc1S2h2NElRIiwiaXNzIjoid2ViIiwic3R5IjoxMDAsIndjZCI6InVzMDQiLCJjbHQiOjAsInN0ayI6IjdmXzJ0Q3otYXMtOUVuaDNWLXpKOENfd1NCVWl6TnJZWjZrTzlaV0h6WjAuQmdVZ1FYaE5NVTVLV0VSSVdUVjRWREYxZDBoYVUyUlRWa0kzTjFWWlNUTjRLMkZBTnpSbVltRmlZVEkwTVRObFpERXdZbVUzTjJRMk1URTBOelprTTJFME1tVTJNekZsWVdZM1l6Sm1aVGhsWkRSaFlqQmpPRFkwWVRGaVpUTTNZVGd5WVFBTU0wTkNRWFZ2YVZsVE0zTTlBQVIxY3pBMCIsImV4cCI6MTU5NjYzODg0MCwiaWF0IjoxNTk2NjMxNjQwLCJhaWQiOiI2dTA2YUU5Z1NhYXhTcDJOWXBnRF93IiwiY2lkIjoiIn0.mL91qjMmhChdSORbtGoNfkVU3-8frpsG39OFUYUvsu8', 'https://us04web.zoom.us/j/71367866633?pwd=cjhIbjY2cXhWWnErbCtQaFd4RWdiUT09', '2020-08-05 15:15:00', '90', NULL, 1, '2020-08-05 12:47:20', '2020-08-05 12:47:20'),
(16, 2, 'استاتيكا', 'استاتيكا', 'https://us04web.zoom.us/s/79670002375?zak=eyJ6bV9za20iOiJ6bV9vMm0iLCJhbGciOiJIUzI1NiIsInR5cCI6IkpXVCJ9.eyJhdWQiOiJjbGllbnQiLCJ1aWQiOiJRQUNSUTFnTlMyMnlIeHc1S2h2NElRIiwiaXNzIjoid2ViIiwic3R5IjoxMDAsIndjZCI6InVzMDQiLCJjbHQiOjAsInN0ayI6IjdmXzJ0Q3otYXMtOUVuaDNWLXpKOENfd1NCVWl6TnJZWjZrTzlaV0h6WjAuQmdVZ1FYaE5NVTVLV0VSSVdUVjRWREYxZDBoYVUyUlRWa0kzTjFWWlNUTjRLMkZBTnpSbVltRmlZVEkwTVRObFpERXdZbVUzTjJRMk1URTBOelprTTJFME1tVTJNekZsWVdZM1l6Sm1aVGhsWkRSaFlqQmpPRFkwWVRGaVpUTTNZVGd5WVFBTU0wTkNRWFZ2YVZsVE0zTTlBQVIxY3pBMCIsImV4cCI6MTU5NjY0Njk2OSwiaWF0IjoxNTk2NjM5NzY5LCJhaWQiOiI2dTA2YUU5Z1NhYXhTcDJOWXBnRF93IiwiY2lkIjoiIn0.PcSc5ARnIFkQMLM0LsCCLLVM60rw0ucHU2t3axkgWmo', 'https://us04web.zoom.us/j/79670002375?pwd=TE9RVG85T09TQ2V4cDVzSElKUk1WZz09', '2020-08-05 17:05:00', '90', NULL, 1, '2020-08-05 15:02:49', '2020-08-05 15:02:49'),
(21, 2, 'رياضيات', 'رياضيات', 'https://us04web.zoom.us/s/75462570806?zak=eyJ6bV9za20iOiJ6bV9vMm0iLCJhbGciOiJIUzI1NiIsInR5cCI6IkpXVCJ9.eyJhdWQiOiJjbGllbnQiLCJ1aWQiOiJRQUNSUTFnTlMyMnlIeHc1S2h2NElRIiwiaXNzIjoid2ViIiwic3R5IjoxMDAsIndjZCI6InVzMDQiLCJjbHQiOjAsInN0ayI6IjdmXzJ0Q3otYXMtOUVuaDNWLXpKOENfd1NCVWl6TnJZWjZrTzlaV0h6WjAuQmdVZ1FYaE5NVTVLV0VSSVdUVjRWREYxZDBoYVUyUlRWa0kzTjFWWlNUTjRLMkZBTnpSbVltRmlZVEkwTVRObFpERXdZbVUzTjJRMk1URTBOelprTTJFME1tVTJNekZsWVdZM1l6Sm1aVGhsWkRSaFlqQmpPRFkwWVRGaVpUTTNZVGd5WVFBTU0wTkNRWFZ2YVZsVE0zTTlBQVIxY3pBMCIsImV4cCI6MTU5NjY1NDEzMywiaWF0IjoxNTk2NjQ2OTMzLCJhaWQiOiI2dTA2YUU5Z1NhYXhTcDJOWXBnRF93IiwiY2lkIjoiIn0.iQbRKvX5-aCm6UndupnXTZcCGN2D8zfz3QF-Bws3XeM', 'https://us04web.zoom.us/j/75462570806?pwd=ck1rcFc2cWV1bWVwZllnR2R3SFNzUT09', '2020-08-05 19:05:00', '90', NULL, 1, '2020-08-05 17:02:13', '2020-08-05 17:02:13'),
(22, 1, 'تدريب للطلبه', 'تدريب للدخول علي الدرس وليس شرح', 'https://us04web.zoom.us/s/71073409949?zak=eyJ6bV9za20iOiJ6bV9vMm0iLCJhbGciOiJIUzI1NiIsInR5cCI6IkpXVCJ9.eyJhdWQiOiJjbGllbnQiLCJ1aWQiOiJRQUNSUTFnTlMyMnlIeHc1S2h2NElRIiwiaXNzIjoid2ViIiwic3R5IjoxMDAsIndjZCI6InVzMDQiLCJjbHQiOjAsInN0ayI6IjdmXzJ0Q3otYXMtOUVuaDNWLXpKOENfd1NCVWl6TnJZWjZrTzlaV0h6WjAuQmdVZ1FYaE5NVTVLV0VSSVdUVjRWREYxZDBoYVUyUlRWa0kzTjFWWlNUTjRLMkZBTnpSbVltRmlZVEkwTVRObFpERXdZbVUzTjJRMk1URTBOelprTTJFME1tVTJNekZsWVdZM1l6Sm1aVGhsWkRSaFlqQmpPRFkwWVRGaVpUTTNZVGd5WVFBTU0wTkNRWFZ2YVZsVE0zTTlBQVIxY3pBMCIsImV4cCI6MTU5NjY2OTgwMSwiaWF0IjoxNTk2NjYyNjAxLCJhaWQiOiI2dTA2YUU5Z1NhYXhTcDJOWXBnRF93IiwiY2lkIjoiIn0.GoaqqegZuMsWi8I0I5qxrhO1ZOgWWs4-5Pk49JZa1X0', 'https://us04web.zoom.us/j/71073409949?pwd=SVg0dmFidTdFS294OXQ5c2dZNTBEZz09', '2020-08-05 23:45:00', '90', NULL, 1, '2020-08-05 21:23:21', '2020-08-05 21:23:21'),
(23, 1, 'تدريب الطلاب الجزء الثاني', 'تدريب وليس شرح', 'https://us04web.zoom.us/s/74419484789?zak=eyJ6bV9za20iOiJ6bV9vMm0iLCJhbGciOiJIUzI1NiIsInR5cCI6IkpXVCJ9.eyJhdWQiOiJjbGllbnQiLCJ1aWQiOiJRQUNSUTFnTlMyMnlIeHc1S2h2NElRIiwiaXNzIjoid2ViIiwic3R5IjoxMDAsIndjZCI6InVzMDQiLCJjbHQiOjAsInN0ayI6IjdmXzJ0Q3otYXMtOUVuaDNWLXpKOENfd1NCVWl6TnJZWjZrTzlaV0h6WjAuQmdVZ1FYaE5NVTVLV0VSSVdUVjRWREYxZDBoYVUyUlRWa0kzTjFWWlNUTjRLMkZBTnpSbVltRmlZVEkwTVRObFpERXdZbVUzTjJRMk1URTBOelprTTJFME1tVTJNekZsWVdZM1l6Sm1aVGhsWkRSaFlqQmpPRFkwWVRGaVpUTTNZVGd5WVFBTU0wTkNRWFZ2YVZsVE0zTTlBQVIxY3pBMCIsImV4cCI6MTU5NjY3MzcwNCwiaWF0IjoxNTk2NjY2NTA0LCJhaWQiOiI2dTA2YUU5Z1NhYXhTcDJOWXBnRF93IiwiY2lkIjoiIn0.yWZU9qMmpYQWb9cAdWQEwKeG5OQ0yPF6qo4metK82To', 'https://us04web.zoom.us/j/74419484789?pwd=cStJRlVlS0tzenEyMHVpWTQrZnBVQT09', '2020-08-06 00:35:00', '90', NULL, 1, '2020-08-05 22:28:24', '2020-08-05 22:28:24'),
(24, 2, 'استاتيكا', 'مجموعه الاثنين والخميس من الساعه ٥ الي ساعه ٧', 'https://us04web.zoom.us/s/77318535106?zak=eyJ6bV9za20iOiJ6bV9vMm0iLCJhbGciOiJIUzI1NiIsInR5cCI6IkpXVCJ9.eyJhdWQiOiJjbGllbnQiLCJ1aWQiOiJRQUNSUTFnTlMyMnlIeHc1S2h2NElRIiwiaXNzIjoid2ViIiwic3R5IjoxMDAsIndjZCI6InVzMDQiLCJjbHQiOjAsInN0ayI6IjdmXzJ0Q3otYXMtOUVuaDNWLXpKOENfd1NCVWl6TnJZWjZrTzlaV0h6WjAuQmdVZ1FYaE5NVTVLV0VSSVdUVjRWREYxZDBoYVUyUlRWa0kzTjFWWlNUTjRLMkZBTnpSbVltRmlZVEkwTVRObFpERXdZbVUzTjJRMk1URTBOelprTTJFME1tVTJNekZsWVdZM1l6Sm1aVGhsWkRSaFlqQmpPRFkwWVRGaVpUTTNZVGd5WVFBTU0wTkNRWFZ2YVZsVE0zTTlBQVIxY3pBMCIsImV4cCI6MTU5NjczMjM4OSwiaWF0IjoxNTk2NzI1MTg5LCJhaWQiOiI2dTA2YUU5Z1NhYXhTcDJOWXBnRF93IiwiY2lkIjoiIn0.PCsxZ5lH-YG-6_wa_rkws1ZfF_kdVFa7p6v9umDH2Is', 'https://us04web.zoom.us/j/77318535106?pwd=NWJ4ZW9ISFZIL0ZEdVhDWWl0RXpGQT09', '2020-08-06 17:15:00', '90', NULL, 1, '2020-08-06 14:46:29', '2020-08-06 14:46:29'),
(25, 2, 'استاتيكا', 'تكمله مجموعه الساعه ٥ على ٧ استاتيكا', 'https://us04web.zoom.us/s/79340027227?zak=eyJ6bV9za20iOiJ6bV9vMm0iLCJhbGciOiJIUzI1NiIsInR5cCI6IkpXVCJ9.eyJhdWQiOiJjbGllbnQiLCJ1aWQiOiJRQUNSUTFnTlMyMnlIeHc1S2h2NElRIiwiaXNzIjoid2ViIiwic3R5IjoxMDAsIndjZCI6InVzMDQiLCJjbHQiOjAsInN0ayI6IjdmXzJ0Q3otYXMtOUVuaDNWLXpKOENfd1NCVWl6TnJZWjZrTzlaV0h6WjAuQmdVZ1FYaE5NVTVLV0VSSVdUVjRWREYxZDBoYVUyUlRWa0kzTjFWWlNUTjRLMkZBTnpSbVltRmlZVEkwTVRObFpERXdZbVUzTjJRMk1URTBOelprTTJFME1tVTJNekZsWVdZM1l6Sm1aVGhsWkRSaFlqQmpPRFkwWVRGaVpUTTNZVGd5WVFBTU0wTkNRWFZ2YVZsVE0zTTlBQVIxY3pBMCIsImV4cCI6MTU5NjczNjI0NSwiaWF0IjoxNTk2NzI5MDQ1LCJhaWQiOiI2dTA2YUU5Z1NhYXhTcDJOWXBnRF93IiwiY2lkIjoiIn0.qbOd7qC8j1yT6m-duizhNxxWGpHn4EszCVX-dB-UhEk', 'https://us04web.zoom.us/j/79340027227?pwd=ZE5uWFpYYzQ0Zy9oS0pxL2xTZ2xTdz09', '2020-08-06 18:00:00', '90', NULL, 1, '2020-08-06 15:50:45', '2020-08-06 15:50:45'),
(26, 1, 'الصف الاول الثانوى', 'مجموعه الاثنين٣ والخميس الساعه ٧', 'https://us04web.zoom.us/s/76943086936?zak=eyJ6bV9za20iOiJ6bV9vMm0iLCJhbGciOiJIUzI1NiIsInR5cCI6IkpXVCJ9.eyJhdWQiOiJjbGllbnQiLCJ1aWQiOiJRQUNSUTFnTlMyMnlIeHc1S2h2NElRIiwiaXNzIjoid2ViIiwic3R5IjoxMDAsIndjZCI6InVzMDQiLCJjbHQiOjAsInN0ayI6IjdmXzJ0Q3otYXMtOUVuaDNWLXpKOENfd1NCVWl6TnJZWjZrTzlaV0h6WjAuQmdVZ1FYaE5NVTVLV0VSSVdUVjRWREYxZDBoYVUyUlRWa0kzTjFWWlNUTjRLMkZBTnpSbVltRmlZVEkwTVRObFpERXdZbVUzTjJRMk1URTBOelprTTJFME1tVTJNekZsWVdZM1l6Sm1aVGhsWkRSaFlqQmpPRFkwWVRGaVpUTTNZVGd5WVFBTU0wTkNRWFZ2YVZsVE0zTTlBQVIxY3pBMCIsImV4cCI6MTU5Njc0MDM2MywiaWF0IjoxNTk2NzMzMTYzLCJhaWQiOiI2dTA2YUU5Z1NhYXhTcDJOWXBnRF93IiwiY2lkIjoiIn0.OFsS-mMByeJxD4i_QvZWTOfXIWmeZGhjrEgZQ11nP6k', 'https://us04web.zoom.us/j/76943086936?pwd=dHJBVXJEN1E3M2t3VEFVVWFDSzRGUT09', '2020-08-06 19:05:00', '90', NULL, 1, '2020-08-06 16:59:23', '2020-08-06 16:59:23'),
(27, 4, 'mechanics teset', 'testtttttt', 'https://us04web.zoom.us/s/79957077027?zak=eyJ6bV9za20iOiJ6bV9vMm0iLCJhbGciOiJIUzI1NiIsInR5cCI6IkpXVCJ9.eyJhdWQiOiJjbGllbnQiLCJ1aWQiOiJRQUNSUTFnTlMyMnlIeHc1S2h2NElRIiwiaXNzIjoid2ViIiwic3R5IjoxMDAsIndjZCI6InVzMDQiLCJjbHQiOjAsInN0ayI6IjdmXzJ0Q3otYXMtOUVuaDNWLXpKOENfd1NCVWl6TnJZWjZrTzlaV0h6WjAuQmdVZ1FYaE5NVTVLV0VSSVdUVjRWREYxZDBoYVUyUlRWa0kzTjFWWlNUTjRLMkZBTnpSbVltRmlZVEkwTVRObFpERXdZbVUzTjJRMk1URTBOelprTTJFME1tVTJNekZsWVdZM1l6Sm1aVGhsWkRSaFlqQmpPRFkwWVRGaVpUTTNZVGd5WVFBTU0wTkNRWFZ2YVZsVE0zTTlBQVIxY3pBMCIsImV4cCI6MTYwNTU1NTUxNiwiaWF0IjoxNjA1NTQ4MzE2LCJhaWQiOiI2dTA2YUU5Z1NhYXhTcDJOWXBnRF93IiwiY2lkIjoiIn0.YeuBBW8139yVmqSnLFQ6vWHti1cs6s42AnFTEmCEE48', 'https://us04web.zoom.us/j/79957077027?pwd=U0dSNS9ZdG1uaEpoVEttUkZJbnpUQT09', '2020-11-16 19:38:00', '90', NULL, 1, '2020-11-16 18:38:36', '2020-11-16 18:38:36');

-- --------------------------------------------------------

--
-- Table structure for table `migrations`
--

CREATE TABLE `migrations` (
  `id` int(10) UNSIGNED NOT NULL,
  `migration` varchar(255) COLLATE utf8mb4_unicode_ci NOT NULL,
  `batch` int(11) NOT NULL
) ENGINE=InnoDB DEFAULT CHARSET=utf8mb4 COLLATE=utf8mb4_unicode_ci;

--
-- Dumping data for table `migrations`
--

INSERT INTO `migrations` (`id`, `migration`, `batch`) VALUES
(1, '2014_10_12_000000_create_users_table', 1),
(2, '2014_10_12_100000_create_password_resets_table', 1),
(3, '2019_08_19_000000_create_failed_jobs_table', 1),
(4, '2020_07_24_030934_create_lessons_table', 1),
(5, '2020_07_24_031012_create_reservations_table', 1),
(6, '2020_07_24_080444_create_students_table', 1),
(7, '2020_07_30_163952_create_attendances_table', 1),
(8, '2020_07_31_054852_create_assignments_table', 1);

-- --------------------------------------------------------

--
-- Table structure for table `password_resets`
--

CREATE TABLE `password_resets` (
  `email` varchar(255) COLLATE utf8mb4_unicode_ci NOT NULL,
  `token` varchar(255) COLLATE utf8mb4_unicode_ci NOT NULL,
  `created_at` timestamp NULL DEFAULT NULL
) ENGINE=InnoDB DEFAULT CHARSET=utf8mb4 COLLATE=utf8mb4_unicode_ci;

-- --------------------------------------------------------

--
-- Table structure for table `reservations`
--

CREATE TABLE `reservations` (
  `id` bigint(20) UNSIGNED NOT NULL,
  `user_id` bigint(20) UNSIGNED NOT NULL,
  `name` varchar(255) COLLATE utf8mb4_unicode_ci NOT NULL,
  `address` varchar(200) COLLATE utf8mb4_unicode_ci DEFAULT NULL,
  `guardianـjob` varchar(150) COLLATE utf8mb4_unicode_ci DEFAULT NULL,
  `mobile` varchar(255) COLLATE utf8mb4_unicode_ci DEFAULT NULL,
  `guardianـmobile` varchar(255) COLLATE utf8mb4_unicode_ci NOT NULL,
  `class_year` int(11) NOT NULL COMMENT 'Class Year of student: 1 , 2 ,3 ',
  `appointment` int(3) NOT NULL DEFAULT '0',
  `is_new` tinyint(1) NOT NULL DEFAULT '1',
  `created_at` timestamp NULL DEFAULT NULL,
  `updated_at` timestamp NULL DEFAULT NULL
) ENGINE=InnoDB DEFAULT CHARSET=utf8mb4 COLLATE=utf8mb4_unicode_ci;

--
-- Dumping data for table `reservations`
--

INSERT INTO `reservations` (`id`, `user_id`, `name`, `address`, `guardianـjob`, `mobile`, `guardianـmobile`, `class_year`, `appointment`, `is_new`, `created_at`, `updated_at`) VALUES
(1, 2, 'عبدالرحمن عبده عبدالله', 'شرق النيل', 'مدرس', '0109523525', '010429525', 3, 0, 0, '2020-07-31 05:12:47', '2020-07-31 18:14:46'),
(2, 3, 'عبدالرحمن عبده عبدالله', 'شرق النيل', 'مدرس', '٠١٠٩٦٧٤٢٨١', '01119783973', 2, 0, 0, '2020-08-01 17:33:24', '2020-08-01 18:51:27'),
(4, 5, 'ahmed samir ibrahim', 'egypt', 'doctor', '01119910801', '01234567890', 2, 0, 0, '2020-08-01 19:27:57', '2020-08-01 19:28:47'),
(5, 15, 'هنا عمرو احمد سيد', 'مقبل', 'جامعه بني سويف', '01551958592', '01015615157', 2, 0, 0, '2020-08-02 01:11:03', '2020-08-02 10:44:50'),
(6, 16, 'ايمان محسن سيد محمد', 'شارع رجائي', 'مشرف معماري', '01121586021', '01147253914', 2, 0, 0, '2020-08-02 01:11:26', '2020-08-02 15:10:40'),
(7, 17, 'دنيا رمضان ابوالليل نصر', 'مسجد السيده حوريه', 'امين شرطه', '01212990773', '01224095055', 2, 0, 0, '2020-08-02 01:20:27', '2020-08-02 15:05:41'),
(8, 18, 'اروي عماد مصطفى سليمان', 'شارع صلاح سالم', 'دكتور اعشاب', '٠١١١٤٤٣٥٧٩٧', '٠١١٤٠٧٧١٣٦٥', 2, 0, 0, '2020-08-02 01:27:15', '2020-08-02 15:10:46'),
(9, 19, 'سهام محمود محمد محمد', 'بني سويف الجديده', 'تاجر', '01011632261', '01009029142', 2, 0, 0, '2020-08-02 01:32:50', '2020-08-02 15:10:51'),
(10, 20, 'منة الله عمرو احمد', 'الشرطه العسكريه', 'الاب متوفي', '01220870178', '01014146769', 2, 0, 0, '2020-08-02 01:42:42', '2020-08-02 15:10:56'),
(11, 21, 'حنين احمد سمير احمد', 'شارع عبدالسلام عارف', 'يعمل بالخارج', '01100229220', '01275639119', 2, 0, 0, '2020-08-02 01:47:59', '2020-08-02 15:11:01'),
(12, 22, 'يوستينا هانى جميل جرجس', 'خلف خاتم المرسلين', 'موظف في شركه المياة', '01210367583', '01285034770', 2, 0, 0, '2020-08-02 02:14:03', '2020-08-02 15:11:05'),
(13, 23, 'مريم سمير شحاته', 'الجزيره المرتفعه', 'اعمال حره', '01227110493', '01288424626', 2, 0, 0, '2020-08-02 02:21:44', '2020-08-02 15:11:09'),
(14, 24, 'فريدة احمد اسماعيل الدرويش', 'شارع الجمهوريه', 'محاسب', '01092029078', '01091701581', 2, 0, 0, '2020-08-02 03:19:04', '2020-08-02 15:11:13'),
(15, 25, 'ايه علي حسن علي', 'الشرطه', 'مدرس', '01121817634', '01121817634', 3, 2, 0, '2020-08-02 06:13:03', '2020-11-16 18:30:42'),
(16, 26, 'ساره ايمن محمد عبد المحسن', 'الجزيره المرتفعة', 'مدير اداره بشركه الغاز الطبيعي', '01062535483', '01000595966', 3, 0, 0, '2020-08-02 08:05:52', '2020-08-02 22:35:26'),
(17, 27, 'اسماء صابر فتحي احمد', 'بني سليمان الشرقيه', 'سائق', '01016323419', '01112180606', 2, 0, 0, '2020-08-02 10:14:03', '2020-08-02 15:11:23'),
(18, 28, 'aaaaaaa', 'aaaaa', 'aaaaa', 'aaaaa', 'aaaaa', 2, 0, 0, '2020-08-02 10:16:29', '2020-08-02 10:17:32'),
(19, 29, 'الاء ابراهيم سيد', 'عزبه بلبل شارع مصطفي النحاس', 'مبلط سيراميك', '01152713389', '01147448276', 3, 0, 0, '2020-08-02 11:56:31', '2020-08-02 22:35:40'),
(20, 30, 'رنا محمد أمين محمد', 'الحميات (شارع المندي)', 'صاحب سنتر مفروشات', '01280200628', '01275972910', 2, 0, 0, '2020-08-02 14:35:50', '2020-08-02 15:11:29'),
(21, 31, 'كنزي حازم فاروق محمد', 'ارض المجلج', 'مدير موارد بشريه بمرسي مطروح', '01222924800', '01009610311', 2, 0, 0, '2020-08-02 14:41:11', '2020-08-02 15:04:34'),
(22, 32, 'مريم طه عبدالتواب طه', 'خاتم المرسلين', 'معاش', '01010074052', '01019184896', 2, 0, 0, '2020-08-02 14:44:49', '2020-08-02 15:11:35'),
(23, 33, 'عزه ايمن الصوفي سيد', 'عبد السلام عارف', 'العقارات', '01113563161', '01128050200', 2, 0, 0, '2020-08-02 14:51:46', '2020-08-02 15:04:51'),
(24, 34, 'ندى عمر رمضان حسن', 'شرق النيل-الحمرايا', 'معلم', '٠١٥٥٤٥٦١٠٦٩', '٠١٥٥٣٦٧٢٣٢٥', 3, 0, 0, '2020-08-02 15:37:06', '2020-08-02 19:09:47'),
(25, 36, 'منه الله مصطفي فؤاد علي', 'شارع احمد عرابي', 'ست بيت', ',01023656427', '01148020232', 3, 0, 0, '2020-08-02 16:04:36', '2020-08-02 19:10:01'),
(26, 38, 'محمود محمد فتحي سلامة', 'الجزيرة', 'مدرس', '01207288160', '01280849008', 3, 0, 0, '2020-08-02 16:05:40', '2020-08-02 19:10:43'),
(27, 39, 'محمد اشرف قرني شحات', '3شارع المنصور بالروضه خلف الحميات', 'مهندس زراعي', '01159081144', '01555623451', 3, 0, 0, '2020-08-02 16:06:03', '2020-08-02 19:10:06'),
(28, 37, 'عبدالرحمن ايمن مصطفي محمد', 'شارع الجمهورية', 'مدرسة', '01097733409', '01097733409', 3, 0, 0, '2020-08-02 16:06:47', '2020-08-02 19:10:27'),
(29, 41, 'دينا خالد توفيق محمد', 'مقبل', 'ظابط جيش', '01283072847', '01150585315', 3, 0, 0, '2020-08-02 16:12:48', '2020-08-02 19:10:12'),
(30, 42, 'سالي ثروت صادق ظريف', 'شارع احمد عرابي البرج الذي يتواجد به كوافير لاروز بجانب النساجون الشرقيون', 'محاسب', '01285177922', '01001622458', 2, 0, 0, '2020-08-02 16:13:08', '2020-08-02 19:13:57'),
(31, 43, 'فاضل عبدالتواب حسين محمد', 'شارع عبدالتواب المتفرع من شارع البشري', 'معاش', '01096865404', '٠١٠٢٤٤٧٣٤٧٥', 3, 0, 0, '2020-08-02 16:15:47', '2020-08-02 19:10:54'),
(32, 45, 'ملك عادل فتحي بشري', 'طريق الفيوم الجديد', 'تاجر', '01024300037', '01032541171', 1, 0, 0, '2020-08-02 16:37:42', '2020-08-02 19:11:01'),
(33, 46, 'مصطفي محمد ابو اليزيد', 'شارع مدرسه الجزيرة', 'مدرس', '01204266049', '01271472152', 2, 0, 0, '2020-08-02 16:41:21', '2020-08-02 19:11:24'),
(34, 47, 'محمد مصطفى ثروت حسن', 'الاباصيري', 'مدرس', '01280388405', '01278503009', 2, 0, 0, '2020-08-02 16:43:11', '2020-08-02 19:11:13'),
(35, 49, 'سما اسامه رمضان عويس', 'شارع الديرى', 'مدير مبيعات', '٠١١٥٩٨٤٩٠٢٨', '01115689285', 2, 0, 0, '2020-08-02 16:44:04', '2020-08-02 19:11:20'),
(36, 48, 'محمود محمد فرحان', 'بني سليمان', 'مشروع محاجر بني سويف', '01022898626', '01272864503', 2, 0, 0, '2020-08-02 16:45:48', '2020-08-02 19:13:50'),
(37, 51, 'إياد أمير سلطان محمد', 'شرق النيل', 'دوكو سيارات', '01016546884', '01090905460', 3, 0, 0, '2020-08-02 16:53:57', '2020-08-02 19:13:43'),
(38, 52, 'ناهد وليد ممدوح محمود', 'الاباصيري', 'مراقب في مدريه الصحة', '01110372949', '01142868699', 2, 0, 0, '2020-08-02 17:09:23', '2020-08-02 19:13:39'),
(39, 55, 'كرستين ايمن حليم عزيز', 'شارع الروضه', 'ميكانيكي سيارات', '01207550540', '01225807602', 1, 0, 0, '2020-08-02 17:22:05', '2020-08-02 19:13:33'),
(40, 54, 'شهد محمد اسماعيل وهيب', 'الحى الغربى', 'مدير تموين بنى سويف وشرق النيل', '01225705159', '0125522421', 3, 0, 0, '2020-08-02 17:22:31', '2020-08-02 19:11:32'),
(41, 56, 'Eman mohammed abd all baki', 'خلف مجمع المحاكم', 'في الخارج', '01127009639', '01141323073', 2, 0, 0, '2020-08-02 17:38:29', '2020-08-02 22:35:31'),
(42, 57, 'رضوي احمد محمد محمود', 'شارع المنصور', 'مدير مالي ف شركه ارت ميديا بالقاهره', '01279908053', '01002818706', 2, 0, 0, '2020-08-02 17:41:56', '2020-08-02 23:19:44'),
(43, 58, 'رشا مصطفي عطيه سيد', 'شارع مختار بجانب الشرطه العسكريه', 'سائق', '01156816398', '01550666721', 2, 0, 0, '2020-08-02 17:49:31', '2020-08-02 19:11:54'),
(44, 59, 'مريم جابر شاكر طه', 'شريف باشا', 'مدرس كيمياء', '01152141649', '01145843298', 2, 0, 0, '2020-08-02 18:16:07', '2020-08-02 19:12:26'),
(45, 62, 'حازم ربيع علي أبو بكر', 'مركز ناصر نجع الديب', 'يعمل في كافي شوب', '01110327995', '01110327104', 3, 0, 0, '2020-08-02 18:24:18', '2020-08-02 19:12:30'),
(46, 61, 'مي جمال حسن علي', 'ميدان مولد النبي', 'موظف في الشئون', '01144829695', '01221366888', 2, 0, 0, '2020-08-02 18:24:44', '2020-08-02 19:12:39'),
(47, 63, 'بسنت حامد', 'البشري', 'في المصريه للاتصالات', '01067096891', '01065123126', 2, 0, 0, '2020-08-02 18:44:38', '2020-08-02 19:14:15'),
(48, 65, 'جيسكا صبحى ابراهيم حنا', 'ش:فياض سالم', 'اعمال حره', '01275102355', '01200366904', 2, 0, 0, '2020-08-02 19:01:11', '2020-08-02 19:14:06'),
(49, 66, 'أبرار ناصر عبد الفتاح عبد الفضيل', 'شارع إسلام بجوار مدرسة الجزيرة', 'كهربائي', '0108637492', '01015629249', 2, 0, 0, '2020-08-02 19:03:29', '2020-08-02 19:14:09'),
(50, 67, 'مهاب محمد محمد فوزي', 'بني سويف شارع الروضه', 'مهندس', '01027807262', '01033447779', 3, 0, 0, '2020-08-02 19:11:12', '2020-08-02 19:12:19'),
(51, 68, 'فيرونيكا فتحى شكرى جرجس', 'البشرى', 'اسكرتير مدير الامن', '01277991884', '01228830008', 2, 0, 0, '2020-08-02 19:26:58', '2020-08-02 19:36:47'),
(52, 69, 'سلمي علاء خليل إبراهيم', 'الحميات', 'مدرس', '٠١٢٧٥٠٣٧٣٧٩', '٠١١٢٣١٨٠٥٧٨', 2, 0, 0, '2020-08-02 19:52:07', '2020-08-02 20:19:54'),
(53, 70, 'مهرائيل أسامة شهدى عبد النور', '٢٤ شارع عاطف الجزيرة المرتفعة بجوار مجمع الجزيرة الإسلامى', 'محامى', '01221679639', '01002168788', 2, 0, 0, '2020-08-02 20:08:05', '2020-08-02 20:20:19'),
(54, 71, 'هاجر محمد عبدالجواد', 'شارع أبو بكر الصديق حارة مختار فهمي أمام مدرسه الثانويه بنات القديمه(الشهيد محمد جابر قصله )', 'محامي', '01149795673', '01110048611', 2, 0, 0, '2020-08-02 20:13:58', '2020-08-02 20:20:12'),
(55, 72, 'عبدالله عمر لطفي عويس', 'الرقابه الاداريه الكورنيش', 'مهندس', '01029566416', '01224488665', 3, 0, 0, '2020-08-02 20:25:12', '2020-08-02 20:32:55'),
(56, 73, 'ربنا محمد محمود رياض', 'شارع الروضة', 'نائب رئيس المدينة', '01021867789', '01006244688', 2, 0, 0, '2020-08-02 20:25:27', '2020-08-02 20:33:02'),
(57, 75, 'مريم محمود علي مصطفي', 'ارض المحلج شارع زمزم', 'مهندس إتصالات', '01008071696', '01007631733', 2, 0, 0, '2020-08-02 21:59:06', '2020-08-02 22:34:41'),
(58, 77, 'شهد مجدي محمد', 'الاباصيري', 'مدير ميزانيته بديوان عام المحافظة', '01010198937', '01097662815', 2, 0, 0, '2020-08-02 22:10:26', '2020-08-02 22:34:56'),
(59, 79, 'بسنت محمد عويس حسن سليمان', 'طريق الفيوم', 'مدرب', '01013947220', '‏‪0106 687 2775‬‏', 2, 0, 0, '2020-08-02 22:21:51', '2020-08-02 22:35:01'),
(60, 82, 'سهيله حامد كامل', 'البشري', 'المصرية للاتصالات', '01064618871', '01065123126', 2, 0, 0, '2020-08-02 22:29:09', '2020-08-02 22:35:15'),
(61, 83, 'طه سيد فياض سالم', 'مقبل الجديد', 'متوفي', '01143031768', '01143701278', 2, 0, 0, '2020-08-02 22:29:43', '2020-08-02 22:35:19'),
(62, 84, 'سها احمد صبحي مصطفي  ادبي', 'ارض المحلج', 'مدير الجهاز المركزي', '01013138920', '01002235950', 2, 0, 0, '2020-08-02 22:35:31', '2020-08-02 22:35:47'),
(63, 85, 'اية شعبان عبد الحميد عبد القادر', 'بني سليمان', 'مدرس', '01101675105', '01012636487', 2, 0, 0, '2020-08-02 22:56:47', '2020-08-02 23:09:48'),
(64, 78, 'اسماء محمد شحاتة عويس', 'الجزيرة', 'عامل حر', '01278946216', '01144902809', 2, 0, 0, '2020-08-02 23:14:57', '2020-08-02 23:18:56'),
(65, 86, 'محمد علي سيد احمد', 'مقبل الجديد', 'كاتب سكرتاريه بالاسكان', '01062659465', '01061953676', 2, 0, 0, '2020-08-02 23:25:05', '2020-08-02 23:37:22'),
(66, 88, 'محمد سيد محمد صميده', 'الجزيره المرتفعه', 'داهن اثاث', '01284488975', '01284901739', 2, 0, 0, '2020-08-03 01:41:52', '2020-08-03 04:01:49'),
(67, 90, 'نهيرة', 'اباصيري', 'مدرس', '12345678901', '١٢٣٤٥٦٧٨٩٠١', 2, 0, 0, '2020-08-03 04:11:52', '2020-08-05 12:51:39'),
(68, 92, 'ahmed samir ibrahim', 'egypt', 'doctor', '011119910801', '01234567890', 2, 0, 0, '2020-08-03 04:38:19', '2020-08-04 14:41:42'),
(69, 94, 'رحمة محمد عبدالحميد', 'الجزيرة', 'اعمال حرة', '01281591102', '01281591102', 2, 0, 0, '2020-08-03 06:07:05', '2020-08-03 13:21:58'),
(70, 95, 'جانا خليفه عزيز حكيم', 'بياض العرب', 'عامل', '01207801832', '01202179895', 2, 0, 0, '2020-08-03 07:15:17', '2020-08-03 13:22:04'),
(71, 96, 'حسام حسن محسن عبداللطيف', 'بني سليمان الشرقيه', 'نائب مجلس شوري', '01033320313', '01004104152', 2, 0, 0, '2020-08-03 07:18:15', '2020-08-03 13:22:47'),
(72, 97, 'Ahmed Ayman El-sayed Ebrahim', 'بني سويف.بني سويف الجديدة.شارع١٧.عمارة٢١.الدور الثالث', 'عميد في القوات المسلحة', '01007444147', '01002229665', 3, 0, 0, '2020-08-03 09:41:49', '2020-08-03 13:29:40'),
(73, 100, 'روضه سعيد اسحق عبد اللطيف', 'شارع ابو شهاب موازى شارع دهشورى', 'عميد معهد الأزهر بنين', '01113275418', '01009837905', 2, 0, 0, '2020-08-03 12:25:29', '2020-08-03 13:29:37'),
(74, 101, 'ساره مجدي صابر صادق', 'دوران الجزيره', 'ف الخارج', '01101152575', '01221014267', 2, 0, 0, '2020-08-03 12:30:58', '2020-08-03 13:29:34'),
(75, 102, 'يارا رجب ابوضيف خليفة/علمى', 'حلمى الملط', 'أشغال حرة', '01122523424', '01142141049', 2, 0, 0, '2020-08-03 12:40:55', '2020-08-03 13:29:29'),
(76, 103, 'سجود عصام خليل إبراهيم', 'الحميات', 'سكرتير بأحدى جماعات دول الخليج', '01123866247', '01276250577', 1, 0, 0, '2020-08-03 12:46:08', '2020-08-03 13:28:08'),
(77, 104, 'محمد طلعت حسن سيد', 'الجزيرة', 'معاون خدمه في التأمين الصحي', '01127813873', '01012887695', 2, 0, 0, '2020-08-03 13:19:46', '2020-08-03 13:29:24'),
(78, 106, 'علياء بهاء محمد ابراهيم', 'حي الزهور', 'مستشار', '01006071542', '01159887545', 2, 0, 0, '2020-08-03 13:39:46', '2020-08-03 13:50:42'),
(79, 107, 'بسملة حسين سعد محمد', 'ارض المحلج', 'محامية', '01066237694', '01030016043', 2, 0, 0, '2020-08-03 14:16:56', '2020-08-03 14:22:09'),
(80, 108, 'زينب حسين عبد الخالق حسين', 'شارع الشهيد محمد جابر', 'مدير في التأمينات', '01154489839', '٠١٠٠٩٩٢٩٠٠٩', 2, 0, 0, '2020-08-03 14:37:07', '2020-08-03 14:41:52'),
(81, 109, 'نور الدين نجم الدين حلمي امين', 'ش المدارس', 'شششش', '01099117076', '01005486586', 2, 0, 0, '2020-08-03 14:40:15', '2020-08-03 14:41:54'),
(82, 110, 'خالد عمر محمد', 'مقبل القديم بجوار فندق قصر البكرى', 'مدير حركه مؤسسة نهضه بنى سويف', '01017179419', '01022233558', 2, 0, 0, '2020-08-03 14:41:31', '2020-08-03 14:41:59'),
(83, 112, 'ساره ابراهيم سمير عيد', 'الشرق', 'مندوب', '01221380492', '01208881495', 2, 0, 0, '2020-08-03 16:11:10', '2020-08-03 18:05:57'),
(84, 113, 'محمد جمال محد علي', 'ابراج الاوقاف', 'اخصائي اجتماعي', '01025153351', '01061787631', 2, 0, 0, '2020-08-03 16:13:13', '2020-08-03 18:06:01'),
(85, 114, 'اسراء علاء على حسن', 'شارع النصر. بنى عطيه', 'سياحه وفنادق', '01553143748', '01555620972', 3, 0, 0, '2020-08-03 16:58:45', '2020-08-03 18:06:05'),
(86, 115, 'اسراء ذكى حسن ذكى', 'قرية رياض باشا', 'مدرس', '01557098973', '01273724314', 2, 0, 0, '2020-08-03 17:13:12', '2020-08-03 18:06:08'),
(87, 117, 'فيرينا ناجي مفتاح فتحي', 'شارع اسلام بجوار مجمع الجزيرة', 'موجه رياض اطفال', '01278239705', '01227409509', 2, 0, 0, '2020-08-03 18:12:53', '2020-08-03 18:14:16'),
(88, 118, 'محمد احمد عويس احمد', 'الجزيرة', 'امين شرطة', '01274044127', '01277169613', 2, 0, 0, '2020-08-03 18:24:02', '2020-08-03 18:24:18'),
(92, 124, 'مريم محمد ابراهيم خليفه', 'الشرق', 'رجل اعمال', '01032815254', '01273256314', 2, 0, 0, '2020-08-03 19:59:11', '2020-08-03 21:35:40'),
(93, 125, 'سهير طه محمد عزت', 'الشرق بني سليمان', 'عمده', '01210152654', '01226663626', 2, 0, 0, '2020-08-03 19:59:16', '2020-08-03 21:35:47'),
(94, 126, 'Marim Ahmed Abdelwahab', 'ش/6 سيد جاد المولى الشرطه العسكريه', 'مدرس لغه عربيه', '01099737283', '01143238975', 2, 0, 0, '2020-08-03 21:31:04', '2020-08-03 21:36:02'),
(95, 127, 'روان شهاب الدين بكري عباس', 'الاباصيري', 'محاسب عام', '01143329612', '01153522935', 2, 0, 0, '2020-08-03 21:49:57', '2020-08-03 22:11:47'),
(96, 129, 'فلوباتير رأفت فتحي بشري', 'اول طريق الفيوم القديم', 'تاجر', '01061613714', '01006517077', 1, 0, 0, '2020-08-03 22:20:24', '2020-08-03 22:38:45'),
(97, 130, 'اية محمد فكري محمود', 'بالحميات', 'مدير شركة بترول', '01095229394', '01226608745', 1, 0, 0, '2020-08-03 22:29:49', '2020-08-03 22:38:48'),
(98, 131, 'يارا ناصر رجب عبدالفتاح', 'خلف الشرطة العسكرية', 'موظف بالبريد', '01210199093', '01284369364', 2, 0, 0, '2020-08-03 22:35:52', '2020-08-03 22:38:50'),
(99, 132, 'مازن علي فاروق عيد', 'الحي الغربي', 'رجل اعمال', '01275688864', '01286186966', 2, 0, 0, '2020-08-03 22:52:54', '2020-08-03 22:56:41'),
(100, 133, 'مصطفى محمود محمد عبداللطيف', 'الجزيره', 'اعمال حره', '01023447853', '01220507218', 1, 0, 0, '2020-08-03 23:22:11', '2020-08-03 23:30:25'),
(101, 134, 'سما خالد محمد قصله', 'الثانويه العسكريه', 'رئيس النيابه الإداريه بالجيزه', '01287707793', '01221087076', 1, 0, 0, '2020-08-03 23:23:07', '2020-08-03 23:30:28'),
(102, 138, 'يمني احمد مصطفي طه', 'بني سويف الجديدة', 'مدرس لغة عربية', '01015432434', '01064648979', 2, 0, 0, '2020-08-04 05:26:01', '2020-08-04 08:23:47'),
(103, 139, 'محمد احمد حسين احمد', 'بني سليمان الشرقيه', 'محاسب', '01008364692', '01063880203', 2, 0, 0, '2020-08-04 06:05:09', '2020-08-04 08:23:50'),
(104, 140, 'رنا احمد محمد علي', 'شارع محمد نصر', 'مدرس اول ب الثانويه بنات القديمه', '01114770466', '01154822555', 2, 0, 0, '2020-08-04 08:30:28', '2020-08-04 08:30:39'),
(105, 142, 'محمد اشرف فاروق المهدى', 'شارع الدهشورى', 'تاجر موازين', '01093288330', '01211991304', 2, 0, 0, '2020-08-04 09:54:01', '2020-08-04 11:31:17'),
(106, 143, 'أحمد إسماعيل فاروق إسماعيل', 'بني سويف/مركز بني سويف/بني سليمان الشرقيه', 'مدرس لغة عربيه', '01065195977', '01000409603', 2, 0, 0, '2020-08-04 10:24:19', '2020-08-04 11:31:21'),
(107, 146, 'رهف محمد طه كامل', 'الاباصيري شارع كردي الجبالي', 'مراقب ببنك القاهره', '01013311388', '01002402756', 1, 0, 0, '2020-08-04 11:38:25', '2020-08-04 11:46:56'),
(108, 147, 'ريهام محمد محمد عبدالجواد', 'صلاح سالم', 'استاذ جامعي', '01149338849', '01113803805', 3, 0, 0, '2020-08-04 11:43:44', '2020-08-04 11:46:51'),
(109, 148, 'محمود تمام محمد يونس', 'شرق النيل مدينة بني سويف الجديدة الحي الثاني', 'ضابط قوات مسلحة', '01148204757', '01145977784', 3, 0, 0, '2020-08-04 11:58:24', '2020-08-04 12:00:02'),
(110, 149, 'مريم ناصر سيد جابر جاد', 'عزبه على راغب بجوار مركز شباب العبور', 'مدرس لغه عربيه', '01555620136', '01551078172', 2, 0, 0, '2020-08-04 12:32:08', '2020-08-04 12:50:28'),
(111, 152, 'نورهان جمال باهى امام', 'شارع الصديق . بنى عطيه', 'محاسب', '01155633548', '01121646849', 3, 0, 0, '2020-08-04 13:07:42', '2020-08-04 13:22:01'),
(112, 153, 'ريهام محمد محمد عبدالجواد', 'صلاح سالم', 'استاذ جامعي', '01149338849', '01113803805', 3, 0, 0, '2020-08-04 13:22:05', '2020-08-04 13:40:24'),
(113, 155, 'حبيبه عبدالله جلال توفيق', 'بني هارون', 'مدير  الإنتاج بالشركة المتحدة للاعلان', '01111975030', '01111975030', 2, 0, 0, '2020-08-04 14:42:07', '2020-08-04 14:47:22'),
(114, 157, 'محمد مصطفى ثروت حسن', 'الاباصيري', 'مدرس', '01280388405', '01278503009', 2, 0, 0, '2020-08-04 15:01:14', '2020-08-04 15:01:41'),
(115, 156, 'عبد الرحمن احمد شعبان احمد', 'شارع الجيار', 'اخصائي تطوير', '01120402261', '٠١٥٥٥٦١٨٢٥٠', 2, 0, 0, '2020-08-04 15:01:49', '2020-08-04 15:08:49'),
(116, 159, 'احمد مرسى حفنى مرسى', 'بنى سليمان الشرقيه بجوار الوحده الصحيه', 'متوفى', '01551416140', '01002191968', 1, 0, 0, '2020-08-04 15:14:48', '2020-08-04 15:17:09'),
(117, 160, 'روضه سعيد اسحق عبد اللطيف', 'شارع الدهشورى', 'عميد معهد الأزهر بنين', '01113275418', '01280019891', 2, 0, 0, '2020-08-04 15:19:40', '2020-08-04 15:21:28'),
(118, 162, 'معاذ ابراهيم محمد ابراهيم', 'مقبل', 'رجل اعمال', '01288996471', '01212146662', 2, 0, 0, '2020-08-04 15:26:38', '2020-08-04 15:28:30'),
(119, 163, 'زينب محمود جابر محمدين', 'بنى سويف', 'وكيل مدرسه', '01142559920', '01123858886', 2, 0, 0, '2020-08-04 15:29:08', '2020-08-04 15:32:07'),
(120, 165, 'زينب محمود جابر محمدين', 'بنى سويف', 'وكيل مدرسه', '01142559920', '01123858886', 2, 0, 0, '2020-08-04 15:50:35', '2020-08-04 15:52:16'),
(121, 166, 'يمني احمد مصطفي طه', 'بني سويف الجديدة', 'مدرس لغة عربية', '01015432434', '01064648979', 2, 0, 0, '2020-08-04 16:11:08', '2020-08-04 16:35:37'),
(122, 167, 'محمود احمد فاروق عباس', 'بني سويف الجديده', 'مدرس', '01229286007', '01026889007', 2, 0, 0, '2020-08-04 17:00:57', '2020-08-04 17:19:19'),
(123, 169, 'فرح صبري احمد محمود', 'خلف الاستاد', 'متقاعد', '01116194248', '01122394117', 2, 0, 0, '2020-08-04 18:07:24', '2020-08-04 18:16:28'),
(124, 170, 'منال احمد سيد عبدالفتاح', 'الشيخ على-بياض العرب', 'عامل', '01554715886', '01100489114', 2, 0, 0, '2020-08-04 18:35:15', '2020-08-04 18:50:38'),
(125, 171, 'داليا سامي محمد محمد', 'ميدان مولد النبي امام مدرسة النيل الثانوية', 'محاسب', '01116354899', '01157935876', 1, 0, 0, '2020-08-04 18:44:01', '2020-08-04 18:50:41'),
(126, 172, 'نور احمد سيد احمد', 'بني سويف شارع عبد السلام عارف', 'محاسب', '01553616422', '01204523380', 2, 0, 0, '2020-08-04 18:51:59', '2020-08-04 18:55:37'),
(127, 173, 'حازم احمد رجب متولي', 'الحمرايا شرق النيل', 'مدير عام في شركه بتروتريد', '01289157899', '01223741997', 2, 0, 0, '2020-08-04 19:26:37', '2020-08-04 22:42:27'),
(128, 175, 'ابراهيم احمد علي سيد', 'مقبل', 'مدير عام في الضرائب', '01143387761', '01157194504', 2, 0, 0, '2020-08-04 19:29:45', '2020-08-04 22:42:37'),
(129, 176, 'حبيبة محمد حسن احمد', '20 الحسيني عبد الناصر خلف مستشفي التأمين الصحي', 'معلم خبير', '01117401470', '01117401470', 2, 0, 0, '2020-08-04 19:34:19', '2020-08-04 22:42:43'),
(130, 178, 'سلمى سيد محمد محمد', 'الاباصيرى فى شارع النصر', 'فنى في مصنع سامسونج', '01017673367', '01060112661', 1, 0, 0, '2020-08-04 20:45:29', '2020-08-04 22:42:51'),
(131, 179, 'احمد حسن لطفي طة', 'بني سليمان الشرقية', 'سواق', '01147906722', '01022346821', 2, 0, 0, '2020-08-04 22:10:27', '2020-08-04 22:42:57'),
(132, 180, 'شروق محمد محمد عبد المحسن', 'الشرطه العسكريه', 'موظفه بمجلس المدينه', '01100782998', '01210096305', 1, 0, 0, '2020-08-04 22:12:09', '2020-08-04 22:43:17'),
(133, 181, 'ماريا عماد نجيب ميرزق', 'بني سويف شرق النيل', 'مهندس ميكانيكا', '01061208158', '01229218701', 1, 0, 0, '2020-08-04 22:53:21', '2020-08-04 23:38:25'),
(134, 182, 'حسناء نجم الدين جويد سليم', 'طريق الفيوم', 'محامي', '01110386858', '01115500776', 2, 0, 0, '2020-08-04 23:05:15', '2020-08-04 23:38:35'),
(135, 184, 'ملك احمد عبدالتواب محمد', 'شارع بني هارون بالغمراوي', 'اعمال حره', '01096775057', '01221097911', 1, 0, 0, '2020-08-04 23:18:12', '2020-08-04 23:38:31'),
(136, 185, 'محمد هاشم على احمد', 'الجزيرة شارع محمد عبدة', 'مدريه الصحة', 'مش معايه تلفون', '01203768141', 2, 0, 0, '2020-08-04 23:29:48', '2020-08-04 23:38:30'),
(137, 186, 'ميرنا جميل عطاللة ساويرس', 'اخر الروضة', 'اعمال كتابية في مستشفى سانت تريز', '01223792822', '01200989580', 2, 0, 0, '2020-08-04 23:41:51', '2020-08-04 23:47:00'),
(138, 187, 'رحمة محمد عبد الحميد سالم', 'شارع السادات خلف قاعة شهر ذات', 'حداد مسلح', '01281591102', '01210379275', 2, 0, 0, '2020-08-05 00:13:05', '2020-08-05 00:16:42'),
(139, 188, 'يارا رجب أبوضيف خليفة/علمى', 'حلمى الملط', 'أشغال حرة', '01122523424', '01142141049', 2, 0, 0, '2020-08-05 00:26:09', '2020-08-05 00:35:11'),
(140, 189, 'وليد صابر طه حسن', 'ش/حسين عبد العال مقبل الجديد', 'معاش', '01006369154', '01226438166', 2, 0, 0, '2020-08-05 01:12:28', '2020-08-05 01:25:18'),
(141, 190, 'ساره مجدى اسعد (ادبي)', 'الجزيره', 'امين مخازن', '01121084967', '01228475133', 2, 0, 0, '2020-08-05 01:16:18', '2020-08-05 01:25:30'),
(142, 192, 'بسملة احمد حسين', 'ميدان حارث', 'مدير عام الشئون القانونيه بالمحافظة', '01025911218', '01005038209', 2, 0, 0, '2020-08-05 07:47:56', '2020-08-05 11:01:46'),
(143, 193, 'محمد جمال سيد علي', 'شارع الجيار', 'مدرس', '01157482955', '01111530784', 3, 0, 0, '2020-08-05 08:09:53', '2020-08-05 11:01:42'),
(144, 194, 'نورهان طه محمد علي', 'عبد السلام عارف', 'متوفي', '01221027965', '01229980832', 2, 0, 0, '2020-08-05 09:29:09', '2020-08-05 11:02:28'),
(145, 195, 'لوساندا ناجي ذكي صالح', 'الاباصيري', 'دكتور فني اشاعه', '01271488797', '01225743069', 1, 0, 0, '2020-08-05 09:41:08', '2020-08-05 11:01:22'),
(146, 196, 'فرح محمد سعيد', 'شارع مقبل', 'تاجر', '01271194632', '01273989291', 2, 0, 0, '2020-08-05 12:41:44', '2020-08-05 12:58:55'),
(147, 197, 'سلمي علاء خليل إبراهيم', 'الحميات', 'مدرس', '01221481284', '٠١١٢٣١٨٠٥٧٨', 2, 0, 0, '2020-08-05 12:47:04', '2020-08-05 12:58:49'),
(148, 200, 'سلمي علاء خليل إبراهيم', 'الحميات', 'مدرس', '01275037379', '٠١١٢٣١٨٠٥٧٨', 2, 0, 0, '2020-08-05 13:09:10', '2020-08-05 13:09:31'),
(149, 201, 'أبرار ناصر عبد الفتاح عبد الفضيل', 'شارع إسلام بجوار مدرسة الجزيرة', 'كهربائي', '01098637492', '01015629249', 2, 0, 0, '2020-08-05 13:12:27', '2020-08-05 13:56:29'),
(150, 202, 'ريناد محمد محمود رياض', 'شارع الروضة', 'نائب رئيس المدينة', '01271768445', '01006244688', 2, 0, 0, '2020-08-05 13:18:49', '2020-08-05 13:56:26'),
(151, 203, 'فرح محمد سعيد', 'شارع مقبل', 'تاجر', '01550482084', '01200366521', 2, 0, 0, '2020-08-05 13:19:43', '2020-08-05 13:56:31'),
(152, 204, 'سلمي علاء خليل إبراهيم', 'الحميات', 'مدرس', '01275037379', '٠١١٢٣١٨٠٥٧٨', 2, 0, 0, '2020-08-05 13:28:01', '2020-08-05 13:56:36'),
(153, 205, 'ايمان محسن سيد محمد', 'شارع رجائي', 'مشرف معماري', '01121586021', '01147253914', 2, 0, 0, '2020-08-05 13:36:18', '2020-08-05 13:56:21'),
(154, 206, 'الاء صلاح جابر عويس', 'الدويه', 'اخصائي كمبيوتر', '01155804585', '01127816464', 2, 0, 0, '2020-08-05 14:38:35', '2020-08-05 14:42:30'),
(155, 207, 'فهد مومن فتحي', 'بني سليمان', 'سواق', '01020276216', '010202762616', 2, 0, 0, '2020-08-05 14:59:36', '2020-08-05 15:30:29'),
(156, 208, 'Gyg', 'Juju', 'Tytt', 'Ghgg', 'Ddd', 2, 0, 0, '2020-08-05 15:36:46', '2020-08-05 17:39:52'),
(157, 212, 'دينا اسامه عباس عبد العزيز', 'مقبل', 'أعمال حره', '01224848540', '01225040080', 1, 0, 0, '2020-08-05 16:59:48', '2020-08-05 17:39:50'),
(158, 213, 'اسراء احمد سيد محمد', 'الشبان', 'موظف بالاوقاف', '01112858003', '01229927864', 2, 0, 0, '2020-08-05 17:18:14', '2020-08-05 17:39:43'),
(159, 214, 'حبيبه', 'مقبل', 'اعمال حره', '٠١١١٦٥٢١٩٢٨', '٠١١٤٩٣٢٢٢٢٠', 2, 0, 0, '2020-08-05 17:20:31', '2020-08-05 17:34:48'),
(160, 216, 'مينا سيد عزيز حكيم', 'بياض', 'عامل', '01060295823', '٠١٢٢٧٦١٥٤١٢', 1, 0, 0, '2020-08-05 18:12:49', '2020-08-05 18:17:35'),
(161, 218, 'شهد هشام عابدين احمد', 'عبد السلام عارف خلف مدرسه خاتم المرسلين', 'ربة منزل', '01276337787', '01272085173', 1, 0, 0, '2020-08-05 18:23:13', '2020-08-05 18:26:57'),
(162, 219, 'سيف الدين احمد عمر محمد', 'الحميات', 'مهندس', '01159886748', '01273077750', 1, 0, 0, '2020-08-05 18:26:00', '2020-08-05 18:26:55'),
(163, 220, 'فاطمه ايمن محمد عبد المحسن', 'الجزيره المرتفعة', 'مدير اداره بشركه الغاز الطبيعي', '01064650373', '01000595966', 1, 0, 0, '2020-08-05 18:44:11', '2020-08-05 19:09:46'),
(164, 221, 'سلوي هاني محمد علي', 'مساكن الشرطة العسكرية', 'ضابط', '01147829544', '01207097939', 1, 0, 0, '2020-08-05 18:50:18', '2020-08-05 19:09:49'),
(165, 222, 'حازم اسامه عبد العزيز عبد التواب', 'شارع كامل رسلان بالجزيره المرتفعه', 'مدير شركه رخام بالقاهره', '01062230175', '01028129561', 2, 0, 0, '2020-08-05 18:51:21', '2020-08-05 19:09:57'),
(166, 223, 'Rawan Mohamed Mostafa Elyan', 'شرق النيل', 'مقاول', '01208260703', '01208656378', 1, 0, 0, '2020-08-05 18:53:31', '2020-08-05 19:10:07'),
(167, 224, 'مارينا موريس نصيف اسكندر', 'الشرطة العسكرية', 'عامل في سوبر ماركت', '01287762252', '01202993260', 1, 0, 0, '2020-08-05 19:33:02', '2020-08-05 21:28:21'),
(168, 225, 'محمود خالد محمود سيد', 'بني سليمان الشرقيه', 'المحاجر', '01552204399', '01145554640', 1, 0, 0, '2020-08-05 19:33:16', '2020-08-05 21:43:35'),
(169, 226, 'سلمي محمد احمد شوقي', 'شارع  مسجد السيده حوريه', 'صاحب معرض عربيات', '01060361505', '01202151583', 2, 0, 0, '2020-08-05 20:04:39', '2020-08-05 21:28:37'),
(170, 227, 'يارا محمد سعد عوض الله', 'حي الزهور', 'مدرسه', '010958960', '01150065792', 1, 0, 0, '2020-08-05 20:45:10', '2020-08-05 21:28:49'),
(171, 229, 'شذى محمد عبد العال عبد الرحيم', 'حي الزهور', 'ف المحكمه', '01145740514', '01204431379', 1, 0, 0, '2020-08-05 20:58:28', '2020-08-05 21:28:55'),
(172, 230, 'شيماء نشأت ربيع فتحي', 'الجزيرة المرتفعه', 'ممرضه', '01156332542', '01113252884', 1, 0, 0, '2020-08-05 21:49:34', '2020-08-05 21:57:17'),
(173, 232, 'احمد صبحي محمود عبد القادر', 'الجزيره المرتفعه شارع قهوه الصبر', 'معاش', '01140560332', '01113219510', 2, 0, 0, '2020-08-05 22:13:36', '2020-08-05 22:15:40'),
(174, 233, 'سلمى سيد محمد محمد', 'الاباصيرى فى شارع النصر', 'فنى في مصنع سامسونج', '01118194391', '01060112661', 1, 0, 0, '2020-08-05 22:25:49', '2020-08-05 22:28:51'),
(175, 235, 'جويرية اسامه عمر احمد', 'الاباصيري', 'مهندس كمبيوتر', '01113257889', '01110963989', 1, 0, 0, '2020-08-05 22:27:12', '2020-08-05 22:28:37'),
(176, 234, 'حسام أسامة عبد العزيز عبد التواب', 'شارع كامل رسلان المتفرع من شارع إسلام بالجزيرة المرتفعة', 'مدير مالى', '01225396729', '01211127478', 2, 0, 0, '2020-08-05 22:27:25', '2020-08-05 22:28:51'),
(177, 237, 'حبيبة محمد سيد عبدالعزيز', 'بياض العرب', 'مدرس', '01126625398', '01229680320', 1, 0, 0, '2020-08-05 22:46:49', '2020-08-05 22:51:29'),
(178, 239, 'حسام أسامة عبد العزيز عبد التواب', 'شارع كامل رسلان المتفرع من شارع إسلام بالجزيرة المرتفعة', 'مدير مالي', '01225396729', '01211127478', 1, 0, 0, '2020-08-05 22:50:24', '2020-08-05 22:51:32'),
(179, 240, 'Farah Nabil Abdalazeem Mahmoud', 'Elabasery', 'Pissness man', '01211065834', '01211065834', 1, 0, 0, '2020-08-05 22:55:45', '2020-08-05 23:09:36'),
(180, 241, 'عبدالرحمن حسني سيد وزير', 'بني السويف الجديده المدينه شرق النيل مفارق التأمينات', 'موجه عام التربيه والتعليم', '01157666719', '01157666719', 2, 0, 0, '2020-08-05 22:58:26', '2020-08-05 23:09:51'),
(181, 242, 'Farah nabil abdalazeem mahmoud', 'Elabasery', 'Pisness man', '01227243155', '01211065834', 1, 0, 0, '2020-08-05 23:06:17', '2020-08-05 23:09:39'),
(182, 243, 'احمد محمد احمد شوقى', 'بنى عطيه', 'محاسب', '٠١٠٩٧١٧٨٢١١', '٠١٠٦٣٦٤٧٤١٤', 1, 0, 0, '2020-08-05 23:28:57', '2020-08-06 02:56:19'),
(183, 244, 'يوسف يس محمد محمد', 'مقبل المنتزه بدر', 'موظف   مديرية الزراعه', '01110015745', '٠١١١١٥١٥١٢٦', 1, 0, 0, '2020-08-05 23:32:02', '2020-08-06 02:56:24'),
(184, 245, 'دينا حسين عماد الدين محمد', 'بني سويف الجديده عند شانيل شارع ٣', 'مهندس كمبيوتر', '01000737650', '01009750444', 1, 0, 0, '2020-08-05 23:35:04', '2020-08-06 02:56:29'),
(185, 246, 'عزت شحاته قرني اسماعيل', 'بني سليمان الشرقيه', 'جهاز مدينه بني سويف', '01011092686', '01007342967', 2, 0, 0, '2020-08-06 10:05:47', '2020-08-06 14:48:25'),
(186, 248, 'مهرائيل اسامة شهدى عبد النور', '٢٤ شارع عاطف الجزيرة المرتفعة بجوار مجمع الجزيرة الاسلامى', 'محامى', '٠١٢٢١٦٧٩٦٣٩', '٠١٠٠٢١٦٨٧٨٨', 2, 0, 0, '2020-08-06 16:52:16', '2020-10-24 13:59:12'),
(187, 249, 'شادي محمد كمال حسن', 'الحميات', 'موظف بشركه المياه', '01033792949', '01066039816', 1, 0, 0, '2020-08-06 17:03:54', '2020-10-24 17:37:42'),
(188, 250, 'فاطمه ايمن محمد عبد المحسن', 'الجزيره المرتفعة', 'مدير اداره بشركه الغاز الطبيعي', '01064650373', '01000595966', 1, 0, 0, '2020-08-06 17:08:39', '2020-10-24 17:35:35'),
(189, 252, 'حبيبة محمد حسن أحمد', 'ش الحسيني عبد الناصر خلف مستشفى التامين الصحي', 'معلم خبير', '٠١١١٧٤٠١٤٧٠', '٠١١١٧٤٠١٤٧٠', 2, 0, 0, '2020-08-09 13:13:07', '2020-10-24 17:35:46'),
(190, 254, 'شهد شريف محمد زكريا', 'مساكن حوض الدلالة', 'نجار مسلح', '01222825041', '01222455789', 2, 0, 0, '2020-08-14 15:15:55', '2020-10-24 17:37:09'),
(191, 255, 'يوسف حمدى ابراهيم ابراهيم', 'عزبة على راغب', 'عامل حر', '01142514880', '01021763635', 2, 0, 0, '2020-10-24 11:24:24', '2020-10-24 17:37:28'),
(192, 256, 'Samir', '1111111111', 'اعمال حره', '111111111', 'Rtrrrrrr', 1, 0, 0, '2020-10-24 11:45:36', '2020-10-24 11:46:49'),
(193, 258, 'ادهم حافظ عبدالجواد', 'الشرق', 'دكتور جامعه', '01143796739', '01142106048', 1, 0, 0, '2020-10-24 13:34:17', '2020-10-24 17:35:54'),
(194, 260, 'Norhan mohamed', 'خلف الثانويه بنات القديمه', 'تاجر', '01142696942', '01111383318', 1, 0, 0, '2020-10-24 13:35:24', '2020-10-24 17:37:54'),
(195, 261, 'عمر حسن لطفى حسن', 'آخر عبد السلام عارف ناحية شرطة الاثار', 'مهندس ميكانيكية', '01017252630', '01061958575', 1, 0, 0, '2020-10-24 13:38:17', '2020-10-24 13:59:49'),
(196, 266, 'Ettgju', 'Dfdff', 'Srrrrr', 'Dtrggg', 'Srrrrr', 2, 0, 0, '2020-10-24 13:39:10', '2020-10-24 14:54:14'),
(197, 267, 'مريم محمد حسني', 'الشامله', 'اعمال حره', '01551183486', '01272946055', 1, 0, 0, '2020-10-24 13:39:33', '2020-10-24 17:33:32'),
(198, 262, 'عبدالله وحيد سامي محمد', 'بني سويف', 'شيف في السعوديه 🇸🇦', '01032514211', '966563151980', 1, 0, 0, '2020-10-24 13:42:26', '2020-10-24 14:01:31'),
(199, 269, 'حسين بكري حسين محمد حسين', 'الحي الثاني', 'مهندس', '01155959694', '٠١١٤٣٥٤٢٨٢٣', 2, 0, 0, '2020-10-24 13:42:52', '2020-10-24 17:28:02'),
(200, 271, 'حسين سيد على', 'شارع الروضه _ بنى عطيه', 'مهندس زراعى', '01280050954', '01022535412', 2, 0, 0, '2020-10-24 13:45:21', '2020-10-24 17:35:24'),
(201, 273, 'عبدالرحمن احمد محمد', 'شارع عمر ابن عبد العزيز', 'موظف', '01147302894', '01112873823', 1, 0, 0, '2020-10-24 13:52:13', '2020-10-24 14:00:33'),
(202, 275, 'اسلام محمد جمال الدين (بروسليي)', 'مقبل الجديد', 'مدير إدارة بجامعه بنى سويف', '01207269442', '01288871632', 2, 0, 0, '2020-10-24 14:01:05', '2020-10-24 17:36:03'),
(203, 276, 'سندس حسنى حسين احمد', 'شرق النيل -العلالمه', 'سكرتير نيابه', '01060594947', '01021448683', 1, 0, 0, '2020-10-24 14:09:34', '2020-10-24 17:38:00'),
(204, 277, 'احمد محمد صالح علي', 'عزبه الجنيدي شارع حسن يوسف خلف التشييد والبناء', 'امين مخزن في التأمين الصحي', '01123790593', '٠١١٤٦٤٠٥٣٠٢ و ٠١١٠١٧٤٧٢٦٤', 1, 0, 0, '2020-10-24 14:28:23', '2020-10-24 17:38:10'),
(205, 278, 'شيماء نشأت ربيع فتحي', 'دوران الجزيرة', 'ممرضه', '01156332542', '01113252884', 1, 0, 0, '2020-10-24 14:36:07', '2020-10-24 17:37:17'),
(206, 279, 'سيف الدين حسن عويس', 'شارع سري من شارع اسلام', 'كهرباء سيارت', '01211195385', '01226952877', 1, 0, 0, '2020-10-24 15:04:40', '2020-10-24 17:38:17'),
(207, 280, 'مروه محمد الصاوي محمد', 'خلف الحميات.', 'موظف', '01282528906', '01102005754', 1, 0, 0, '2020-10-24 15:08:57', '2020-10-24 17:36:47'),
(208, 282, 'Wwffff', 'Dgrgrt', 'Sfrtt', 'Dfffggg', 'Dtrgfg', 1, 0, 0, '2020-10-24 15:13:58', '2020-10-24 17:39:08'),
(209, 283, 'باسم اشرف محروس عبدالحميد', 'شارع الجبالي', 'حلواني', '01140010212', '01288646355', 2, 0, 0, '2020-10-24 15:14:52', '2020-10-24 20:09:01'),
(210, 284, 'ياسمين ياسر عبد الحميد مهني', 'الحمرايا', 'صاحب مكتب مستلزمات طبيه', '01204944724', '01204554574', 1, 0, 0, '2020-10-24 15:15:29', '2020-10-24 20:09:20'),
(211, 287, 'اروي عماد مصطفى سليمان', 'شارع رجب متفرع من شارع صلاح سالم', 'دكتور اعشاب', '01114435797', '01114435797', 2, 0, 0, '2020-10-24 15:18:30', '2020-10-24 20:16:26'),
(212, 291, 'فريدة احمد اسماعيل الدرويش', 'شارع الجمهوريه', 'محاسب', '01092029078', '01091701581', 2, 0, 0, '2020-10-24 15:22:33', '2020-10-24 20:11:10'),
(213, 289, 'نوران وليد العربي', 'شارع عبد السلام عارف', 'كوافير رجالي', '01203506433', '01556463088', 1, 0, 0, '2020-10-24 15:22:55', '2020-10-24 20:14:44'),
(214, 290, 'محمد صبحي عويس', 'بني سويف', 'محافظه بني سويف', '01140158987', '01115735400', 2, 0, 0, '2020-10-24 15:23:15', '2020-10-24 17:12:36'),
(215, 294, 'بسمه محمد علي احمد', 'شارع الحديدي', 'مراجع حسابات', '01228813072', '01220255845', 1, 0, 0, '2020-10-24 15:26:53', '2020-10-24 20:12:19'),
(216, 295, 'محمد عثمان محمد عرفه', 'الجزيره المرتفعه', 'متوفي', '01155976311', '01111659573', 2, 0, 0, '2020-10-24 15:31:33', '2020-10-24 20:09:54'),
(217, 297, 'معاذ باسم شعبان محمد', 'مقبل ش الاحمدي', 'مندوب مبيعات', '01154357703', '01111831574', 1, 0, 0, '2020-10-24 15:38:01', '2020-10-24 20:10:16'),
(218, 298, 'ايه يوسف سعد عبدالظاهر', 'خلف خاتم المرسلين', 'موظف', '01226342561', '٠١٠٣٠٥١٩١٠٧', 1, 0, 0, '2020-10-24 15:39:45', '2020-10-24 20:08:48'),
(219, 299, 'شهد وجدي عبد المنعم', 'خلف خاتم المرسلين', 'محاسب', '01223479742', '01000019605', 1, 0, 0, '2020-10-24 15:47:41', '2020-10-24 17:38:58'),
(220, 301, 'جويس اشرف ماهر نجيب', '٤٤ شارع فوزى ببنى عطية', 'مدرس انجليزي', '01279349049', '01273322269', 2, 0, 0, '2020-10-24 15:58:57', '2020-10-24 17:36:39'),
(221, 302, 'منة اللة سيد عمر محمود', 'البشري', 'بالمعاش', '01011167268', '01093336601', 1, 0, 0, '2020-10-24 16:02:15', '2020-10-24 20:10:26'),
(222, 303, 'بسمله عبدالرحمن محمد عبدالفتاح', 'الرمد', 'مدير مخازن ب مصنع الادويه', '01030952576', '01124709740', 1, 0, 0, '2020-10-24 16:03:01', '2020-10-24 18:02:04'),
(223, 305, 'يوسف فوزي محروس عبدالله', 'بياض العرب', 'ترزي', '01013782350', '01274541638', 1, 0, 0, '2020-10-24 16:56:30', '2020-10-24 20:12:27'),
(224, 306, 'رضوي احمد محمد', 'شارع المنصور بالحميات', 'مشرف في مكتب هندسي', '01004831730', '01032274464', 2, 0, 0, '2020-10-24 17:10:55', '2020-10-24 20:11:02'),
(225, 309, 'مريم باسم إسحاق', 'مقبل', 'محاسب', '01280457572', '٠١٢٠٥٩٦٠٠٠٣', 2, 0, 0, '2020-10-24 17:12:36', '2020-10-24 17:34:55'),
(226, 307, 'يارا ناصر رجب عبد الفتاح', 'خلف الشرطه العسكريه', 'موظف فى البريد', '01210199093', '01151840010', 2, 0, 0, '2020-10-24 17:12:39', '2020-10-24 17:34:31'),
(227, 308, 'تريفينا عماد', 'مقبل', 'مدرس', '01201843989', '01227416821', 2, 0, 0, '2020-10-24 17:12:49', '2020-10-24 17:34:16'),
(228, 311, 'Rytutu', 'Gytyyy', 'Fgfgt', 'Ghtuty', 'Fgftt', 2, 0, 0, '2020-10-24 17:13:24', '2020-10-24 17:33:47'),
(229, 310, 'عبدالرحمن رجب عمر محمد', 'صلاح سالم', 'اعمال حره', '01019550202', '01284063739', 2, 0, 0, '2020-10-24 17:13:50', '2020-10-24 17:29:13'),
(230, 313, 'ريم محمد كامل جمعه', 'الاصبايرى', 'موظف بجامعة بنى سويف', '01279260986', '٠١٢٠١٨٦٩٥٥٣', 2, 0, 0, '2020-10-24 17:15:53', '2020-10-24 17:34:02'),
(231, 314, 'عمر محمد عمر حسين', 'شارع حامد ميدان مولد النبي', 'اعمال حره', '01114193435', '01114193435', 2, 0, 0, '2020-10-24 17:18:31', '2020-10-24 17:33:18'),
(232, 315, 'طه رمضان دويبى عبد الغفار', 'شارع الحريه /أمام استراحة المحافظ', 'موظف ب الوحده المحليه', '01228192695', '01227293450', 2, 0, 0, '2020-10-24 17:19:42', '2020-10-24 17:23:34'),
(233, 318, 'هدير هانى عبدالحليم على', 'الحمريا شراق النيل', 'موظف فى البريد السريع', '011544669959', '01551733852', 2, 0, 0, '2020-10-24 17:44:12', '2020-10-24 20:10:36'),
(234, 319, 'ميار احمد عبد العزيز', 'خلف مدرسة خاتم المرسلين', 'موجه مالي وأداري', '01015276867', '01090606113', 1, 0, 0, '2020-10-24 18:05:12', '2020-10-24 20:12:09'),
(235, 320, 'اميره احمد جابر علي', 'شاهر العبور', 'ديوان عام محافظه', '01118275121', '01111349544', 2, 0, 0, '2020-10-24 18:27:28', '2020-10-24 20:10:47'),
(236, 321, 'Azza Mohamed', '5شارع نصير بالازهري', 'ربة منزل', '01005863169', '01001830691', 1, 0, 0, '2020-10-24 18:31:23', '2020-10-24 20:11:58'),
(237, 322, 'بسملة حسني احمد فؤاد', 'الشرطه العسكرية', 'مهندس', '01001492781', '01005658295', 2, 0, 0, '2020-10-24 18:34:43', '2020-10-24 20:11:31'),
(238, 323, 'عبدالله احمد حسين أحمد', 'الجزيره', 'فاتح مطعم town', '01124010279', '01274097899', 1, 0, 0, '2020-10-24 18:48:14', '2020-10-24 20:11:20'),
(239, 324, 'Mustafakhaledramadan', 'خلف مدرسة ختام المرسلين', 'نيابة', '01032845624', '01009183637', 1, 0, 0, '2020-10-24 18:52:17', '2020-10-24 20:37:20'),
(240, 325, 'معتز احمد رمضان سيد', 'دوران الجزيرة', 'مدير مالى', '01067617284', '01211127480', 2, 0, 0, '2020-10-24 18:58:01', '2020-10-24 20:11:45'),
(241, 326, 'احمد حمدي سيد عويس', 'سنور', 'اعمال حر', '01028928557', '01008252768', 1, 0, 0, '2020-10-24 19:08:07', '2020-10-24 20:15:33'),
(242, 328, 'احمد ايمن حسن شحاتة', 'شارع البشري', 'مدرس', '01014838089', '01063675103', 2, 0, 0, '2020-10-24 19:11:43', '2020-10-24 20:36:30'),
(243, 330, 'رضوى حاتم أحمد', 'الجزيره المرتفعه', 'امين مخازن', '01117084340', '01146363806', 2, 0, 0, '2020-10-24 19:16:46', '2020-10-24 20:37:56'),
(244, 331, 'باسم محمد بحبح', 'الجزيره', 'مدرس', '01142184108', '01003814499', 1, 0, 0, '2020-10-24 19:18:14', '2020-10-24 20:37:30'),
(245, 332, 'Amira Ashraf eid', 'عبد السلام عارف', 'إداري بمدرسة الدعوة الاسلاميه', '01286247366', '01005011939', 2, 0, 0, '2020-10-24 19:24:38', '2020-10-24 20:38:02'),
(246, 333, 'حسام حسن عبدالحميد محمد', 'عند الثانويه المعماريه', 'مدرس E', '01159652040', '01227217402', 1, 0, 0, '2020-10-24 19:35:58', '2020-10-24 20:37:37'),
(247, 327, 'حازم محمد مصطفى محمد', 'بنى سويف', 'نجار مسلح', '01144114184', '٠١٢٧١٣٣٩١٧٠', 1, 0, 0, '2020-10-24 19:37:32', '2020-10-24 20:37:43'),
(248, 334, 'حبيبه', 'مقبل', 'اعمال حره', '٠١١١٦٥٢١٩٢٨', '٠١١٤٩٣٢٢٢٢٠', 2, 0, 0, '2020-10-24 19:38:53', '2020-10-24 20:38:25'),
(249, 335, 'زياد عبدالعليم زهير عبدالفتاح', 'قريه سنور محافظه بني سويف', 'معلم اول (أ) لغه انجليزيه', '01066150488', '01061999826', 1, 0, 0, '2020-10-24 19:53:18', '2020-10-24 20:36:51'),
(250, 336, 'حسن علاء هاشم', 'بني سليمان', 'فران', '01014062367', '01146168629', 1, 0, 0, '2020-10-24 20:04:36', '2020-10-24 20:38:33'),
(251, 337, 'شهد احمد ياسين محمد', 'شارع مصطفي كامل', 'مدرس', '01033989295', '01220778230', 1, 0, 0, '2020-10-24 20:06:53', '2020-10-24 20:38:45'),
(252, 339, 'يوسف هاني جميل فاضل', 'بني سويف شرق ألنيل ألحي الأول', 'معلم', '01017040033', '01555826832', 2, 0, 0, '2020-10-24 20:14:27', '2020-10-24 20:38:52'),
(253, 341, 'أدهم محمد هاشم محمد', 'موقبل', 'موجه رياضيات', '01202682782', '01119110257', 1, 0, 0, '2020-10-24 20:29:50', '2020-10-24 20:38:57'),
(254, 342, 'عبدالله محمد عبدالسلام عابدين', 'خلف استاد بنى سويف', 'معلم كبير', '01090015186', '01090015184', 2, 0, 0, '2020-10-24 20:41:06', '2020-10-24 20:59:33'),
(255, 343, 'سهير طه محمد عزت', 'بني سويف', 'عمده', '01001200580', '01226663626', 2, 0, 0, '2020-10-24 20:53:27', '2020-10-24 20:59:41'),
(256, 345, 'أروي ربيع كردي أحمد', 'شارع الشيخ رجب البشري', 'مدرس اول لغة عربية', '01125226814', '0127 949 7403', 2, 0, 0, '2020-10-24 21:03:59', '2020-10-24 21:08:19'),
(257, 346, 'منه عبد الفتاح فتحى حافظ', 'بنى سليمان الشرقية', 'محصل فى المحاجر', '01158551540', '01143747184', 2, 0, 0, '2020-10-24 21:04:45', '2020-10-24 21:08:24'),
(258, 347, 'جاسر محمد احمد طه', 'نادي المعلمين امام مكتبة هشام وعمرو بني سويف الجديدة', 'مهندس معماري', '01229019409', '01274944451', 2, 0, 0, '2020-10-24 21:13:32', '2020-10-24 21:24:01'),
(259, 348, 'سما ياسر محمود صلاح الدين', 'بنى سليمان الشرقية', 'موظف فى مديرية الامن', '01274466149', '01277758854', 2, 0, 0, '2020-10-24 21:18:43', '2020-10-24 21:24:20'),
(260, 349, 'مازن محمد صبحي حجاج', 'الاباصيري', 'اعمال حره', '01148282221', '01100292386', 2, 0, 0, '2020-10-24 21:35:02', '2020-10-25 05:49:46'),
(261, 352, 'مارينا فرج زغلول كامل', 'ش/عبد السلام عارف أمام مجمع المحاكم بجوار الشرطة العسكرية', 'محامى حر', '01221934755', '01226131804', 2, 0, 0, '2020-10-25 02:16:14', '2020-10-25 05:49:52'),
(262, 353, 'محمد أحمد صلاح', 'بني سليمان', 'مدرس', '01116641759', '01063219981', 2, 0, 0, '2020-10-25 10:49:48', '2020-10-25 15:31:22'),
(263, 354, 'محمود عصمت محمود عبد الحافظ', 'حي الزهور', 'امين معمل (مدرسه الحديثه بنين الاعداديه)', '01145690243', '01208975134', 1, 0, 0, '2020-10-25 11:39:51', '2020-10-25 15:31:28'),
(264, 356, 'جانا خليفه عزيز حكيم', 'بياض العرب', 'عامل', '01207801832', '01202179895', 2, 0, 0, '2020-10-25 11:57:32', '2020-10-26 07:20:47'),
(265, 357, 'منه الله ياسر عبدالستار', 'الشرطه العسكريه خلف مستشفي الكلي', 'مهندس', '01102082597', '01091744134', 1, 0, 0, '2020-10-25 12:50:56', '2020-10-26 07:20:40'),
(266, 358, 'حسام أسامة عبد العزيز عبد التواب', 'شارع كامل رسلان المتفرع من شارع إسلام بالجزيرة المرتفعة', 'مدير مالي', '01225396729', '01211127478', 1, 0, 0, '2020-10-25 15:12:04', '2020-10-26 07:20:54'),
(267, 363, 'رضوى نادي علي فراج', 'مقبل الجديد', 'مدريه الصحه', '01095735676', '01202716780', 2, 0, 0, '2020-10-25 15:39:58', '2020-10-26 07:21:01'),
(268, 364, 'Ettrr', 'Rgfg', 'Ffft', 'Fgftt', 'Ddff', 2, 0, 0, '2020-10-25 15:42:13', '2020-10-26 07:21:08'),
(269, 365, 'مريم ناصر سيد جابر جاد', 'عزبه على راغب', 'مدرس لغه عربيه', '01550293845', '01551078172', 2, 0, 0, '2020-10-25 15:42:14', '2020-10-26 07:21:16'),
(270, 362, 'كنزي حازم فاروق محمد', 'ارض المحلج', 'مدير موارد بشريه في مرسي مطروح', '01222924800', '01009610311', 2, 0, 0, '2020-10-25 15:42:14', '2020-10-26 07:21:23'),
(271, 366, 'مريم عبدالرحيم حسني', 'شارع حمدي ذكي', 'مدير شؤون عميلين', '01129937454', '01124754533', 2, 0, 0, '2020-10-25 15:42:55', '2020-10-26 07:21:31'),
(272, 368, 'ندي شعبان حسن', 'بني سليمان', 'المحاجر', '01032547262', '01064831672', 2, 0, 0, '2020-10-25 15:45:22', '2020-10-26 07:21:36'),
(273, 367, 'وليد صابر طه حسن', 'ش / حسين عبد العال مقبل الجديد', 'معاش', '01141527384', '01226438166', 2, 0, 0, '2020-10-25 15:48:19', '2020-10-26 07:20:32'),
(274, 360, 'جمال وحيد شعبان سيد', 'عزبة علي راغب', 'صاحب شركة رحلات', '01144993509', '01557512841', 2, 0, 0, '2020-10-25 15:54:16', '2020-10-26 07:21:41'),
(275, 370, 'شيماء عيد محمد احمد', 'الحمريا شرق النيل', 'اعمال حره', '01552596863', '01115053117', 2, 0, 0, '2020-10-25 15:57:38', '2020-10-26 07:21:48'),
(276, 371, 'محمداحمدعبدالعظيم', 'عبد السلامعارف', 'مدرس', '01140967265', '01115572412', 2, 0, 0, '2020-10-25 16:01:24', '2020-10-26 07:21:54'),
(277, 371, 'محمداحمدعبدالعظيم', 'عبد السلامعارف', 'مدرس', '01140967265', '01115572412', 2, 0, 0, '2020-10-25 16:01:24', '2020-10-26 07:22:02'),
(278, 371, 'محمداحمدعبدالعظيم', 'عبد السلامعارف', 'مدرس', '01140967265', '01115572412', 2, 0, 0, '2020-10-25 16:01:24', '2020-10-26 07:22:15'),
(279, 372, 'Nooh Mohamed', 'مقبل الجديد', '..', '01275114697', '01005712956', 2, 0, 0, '2020-10-25 16:42:34', '2020-10-26 07:22:35'),
(280, 373, 'محمود فضل محمود عبدالمقصود', 'منقريش', 'موظف', '01153721265', '01153721265', 2, 0, 0, '2020-10-25 16:42:37', '2020-10-26 07:22:50'),
(281, 374, 'Samir', 'Gytyyy', 'Ffft', '01226944065', 'Ddff', 2, 0, 0, '2020-10-25 16:42:38', '2020-10-26 07:22:57'),
(282, 376, 'ايمان محمد توفيق احمد', 'بياض العرب', 'كهربائي', '01152978048', '01152978048', 2, 0, 0, '2020-10-25 16:48:42', '2020-10-26 07:23:09'),
(283, 377, 'محمد جمعه سيد جمعه', 'شارع الروضه', 'موظف فى الرى', '01208823620', '01202111185', 2, 0, 0, '2020-10-25 16:56:01', '2020-10-26 07:23:15'),
(284, 378, 'فيرونيكا فتحى شكرى جرجس', 'البشرى', 'اسكرتير مدير الامن', '01277991884', '01228830008', 2, 0, 0, '2020-10-25 17:08:18', '2020-10-26 07:23:21'),
(285, 380, 'يوسف حمدى ابراهيم ابراهيم', 'عزبة على راغب', 'عامل حر', '01142514880', '01021763635', 2, 0, 0, '2020-10-25 17:45:55', '2020-10-26 07:23:36'),
(286, 379, 'مريم جميل كمال فهمي', 'الروضا', 'مهندس زراعي', '01229019111', '01282020499', 2, 0, 0, '2020-10-25 17:46:20', '2020-10-26 07:23:41'),
(287, 381, 'احمدمحمدجوده', 'الشماله', 'امين شرطه', '01091060705', '٠١٠٦٨٠٤٣٨٢٠', 2, 0, 0, '2020-10-25 17:54:37', '2020-10-26 07:23:47'),
(288, 383, 'محمد هيمن يحيى عبدالعظيم', 'مقبل', 'مدرس ابتدائي', '01140947305', '01220248562', 2, 0, 0, '2020-10-25 18:09:43', '2020-10-26 07:23:54'),
(289, 384, 'سها احمد صبحي مصطفي  ادبي', 'ارض المحلج', 'مدير الجهاز المركزي', '01013138920', '01063317882', 2, 0, 0, '2020-10-25 18:41:02', '2020-10-26 07:24:00'),
(290, 387, 'Rtfg', 'Ffff', 'Ffff', 'Fgfg', 'Ffff', 2, 0, 0, '2020-10-25 18:46:26', '2020-10-26 07:24:16'),
(291, 386, 'اسراء احمد عبدالله', 'المديريه', 'إستثمار عقاري', '01152068806', '01124946976', 2, 0, 0, '2020-10-25 18:46:59', '2020-10-26 07:24:09'),
(292, 388, 'ابرار صلاح الدين سيد محمود', 'مقبل', 'وزاره الداخليه في الكويت', '01028233968', '01010179551', 2, 0, 0, '2020-10-25 18:47:23', '2020-10-26 07:24:22'),
(293, 389, 'رزان جمال محمد محمد', 'شارع اسلام', 'مدرس كيميا', '01205470340', '٠١٢١٢٨٥٢٧٦٢', 2, 0, 0, '2020-10-25 18:51:56', '2020-10-26 07:24:38'),
(294, 390, 'مينا سيد عزيز حكيم', 'بياض', 'عامل', '01060295823', '٠١٢٢٧٦١٥٤١٢', 1, 0, 0, '2020-10-25 19:07:09', '2020-10-26 07:24:32'),
(295, 392, 'تبارك خالد حلمي محمد', 'برج الرحمه عند الابراج', 'شيف', '01010144364', '01010144364', 2, 0, 0, '2020-10-25 20:41:28', '2020-10-26 07:24:44'),
(296, 393, 'سها احمد صبحي مصطفي  ادبي', 'ارض المحلج', 'مدير الجهاز المركزي للإحصاء', '01013138920', '01063317882', 2, 0, 0, '2020-10-25 20:43:48', '2020-10-26 07:24:49'),
(297, 394, 'ميرنا جميل عطاللة ساويرس', 'مقبل', 'اعمال كتابية', '٠١٢٢٣٧٩٢٨٢٢', '٠١٢٠٠٩٨٩٥٨٠', 2, 0, 0, '2020-10-25 20:50:24', '2020-10-26 07:24:55'),
(298, 395, 'اسماء ربيع ماهر مخلوف', 'بني سليمان', 'مهندس في الاداره الهندسيه', '01556842593', '01112498867', 2, 0, 0, '2020-10-25 20:58:15', '2020-10-26 07:25:00'),
(299, 397, 'ايناس حسني علي', 'الجيار', 'مهندس ف لإسعاف', '01152213343', '01152213343', 2, 0, 0, '2020-10-25 21:07:38', '2020-10-26 07:25:05'),
(300, 398, 'نورهان طه محمد علي', 'عبد السلام عارف', 'متوفي', '01221027965', '01229980832', 2, 0, 0, '2020-10-25 21:48:57', '2020-10-26 07:25:10'),
(301, 399, 'عبدالرحمن حسني سيد وزير', 'شرق النيل مساكن الجهاز', 'موجه عام ب التربيه والتعليم', '01125271392', '01157666719', 2, 0, 0, '2020-10-25 22:25:53', '2020-10-26 07:25:37'),
(302, 400, 'محمود عبدالعليم سعد حسين عبدالله', 'بني سليمان الشرقيه', 'موظف في الري', '01028461109', '01030164389', 2, 0, 0, '2020-10-25 23:18:55', '2020-10-26 07:25:32'),
(303, 401, 'احمد ممدوح فتحي احمد', 'احمد عرابي', 'مدير قريه بريكا بمرس علم', '01062304479', '01090122111', 1, 0, 0, '2020-10-25 23:23:42', '2020-10-26 07:25:42'),
(304, 402, 'شيماء طه محمد محمد', 'بنى سويف الجديده', 'موظف في الضرائب العقارية', '01091195745', '01000792426', 2, 0, 0, '2020-10-26 00:12:09', '2020-10-26 07:25:46'),
(305, 403, 'محمد نبيل عوض ابراهيم', 'الحي الاول شرق النيل', 'مهندس', '01063794629', '01097091598', 2, 0, 0, '2020-10-26 00:55:31', '2020-10-26 07:20:21'),
(306, 404, 'منار يحي ذكى على', 'بنى سليمان', 'سواق', '01010315204', '01102134565', 2, 0, 0, '2020-10-26 07:33:44', '2020-10-26 16:26:23'),
(307, 405, 'بيشوي عيد شحاته', 'بياض العرب، شرق', 'مشرف عام، شركه', '01276758683', '01227845943', 1, 0, 0, '2020-10-26 08:44:00', '2020-10-26 16:27:11'),
(308, 406, 'محمد مجدي حمدي محمد حمزة', 'الدعوه السلامية', 'موظف', '01221667489', '01206668768', 1, 0, 0, '2020-10-26 11:39:54', '2020-10-27 21:51:42'),
(309, 407, 'محمود محمد طه', 'الجزيرة', 'سواء', '01092668812', '01555625383', 2, 0, 0, '2020-10-26 12:50:39', '2020-10-27 21:51:54'),
(310, 408, 'طه فياض', 'مقبل الجديد', 'متوفي', '01143031768', '01143701278', 2, 0, 0, '2020-10-26 13:50:56', '2020-10-27 21:52:09'),
(311, 409, 'احمد حسن ابو الوفا عبد المجيد', 'بياض العرب', 'موظف', '01069130297', '01222872542', 2, 0, 0, '2020-10-26 13:59:32', '2020-10-27 21:54:03'),
(312, 410, 'نورهان علي عبدالحي عثمان', 'ترعة البوصة', 'محامي', '01206870160', '01228832378', 1, 0, 0, '2020-10-26 14:06:21', '2020-10-27 21:54:15'),
(313, 412, 'تسنيم عبدالرحمن هليل محمد', 'شارع محمود صلاح', 'مدرس خط عربي', '01122257550', '01154161821', 1, 0, 0, '2020-10-26 14:24:46', '2020-10-27 21:54:30'),
(314, 414, 'Rfftt', 'Ddse', 'Dddd', 'Dredd', 'Eess', 1, 0, 0, '2020-10-26 14:26:28', '2020-10-27 21:55:38'),
(315, 413, 'رحمةمحمود خضير', 'دوران الجزيرة', 'مدير إدارة فى شركة التعاون للبترول', '01099380106', '٠١٠٠٣١٤٠٤٦٠', 1, 0, 0, '2020-10-26 14:26:34', '2020-10-27 21:54:42'),
(316, 415, 'نسيبه مصطفى خليل محمد', 'امام مسجد الاباصيرى', 'مدرس لغه فرنسيه', '01151807367', '01111190596', 1, 0, 0, '2020-10-26 14:29:57', '2020-10-27 21:56:06'),
(317, 417, 'ميار احمد محمد', 'شارع محمود صلاح', 'مشرف أمن في اثار بني سويف', '٠١٢٢٩٦٧١٩٠٩', '٠١٢١٠٢٨٨٧٧٦', 1, 0, 0, '2020-10-26 14:30:20', '2020-10-27 21:56:18'),
(318, 418, 'منه سعيد محمد صالح', 'الشرطه العسكريه', '...', '01224518250', '01274240150', 2, 0, 0, '2020-10-26 14:35:01', '2020-10-27 21:56:44'),
(319, 419, 'احمد محمد عبدالعظيم محمد', 'الاباصيري', 'مقاول', '01063793953', '01229272032', 1, 0, 0, '2020-10-26 15:54:43', '2020-10-27 21:56:59'),
(320, 420, 'Ttfr', 'Rddd', 'Fdd', 'Rrrr', 'Eee', 2, 0, 0, '2020-10-26 16:11:35', '2020-10-27 21:57:28'),
(321, 421, 'مريم ايمن محمد عبدالله', 'شارع اسلام', 'منجد بلدى', '01124278990', '01141024236', 2, 0, 0, '2020-10-26 16:13:57', '2020-10-27 21:57:46'),
(322, 422, 'على حسين محمد حسن', 'بني سليمان', 'رجل اعمال', '٠١٠٢٧٩٨٠٠٥٧', '0122 594 9791', 1, 0, 0, '2020-10-26 16:18:45', '2020-10-27 21:58:13'),
(323, 423, 'حسام حسن عبدالحميد محمد', 'عند الثانويه المعماريه', 'مدرس E', '01159652040', '01227217402', 1, 0, 0, '2020-10-26 16:18:50', '2020-10-27 21:59:39'),
(324, 424, 'احمد حسن محمد حسن', 'بنى سليمان الشرقيه', 'مشرف حمله فى بنك التعمير والاسكان', '01210425646', '01226664062', 1, 0, 0, '2020-10-26 16:21:13', '2020-10-27 21:59:59'),
(325, 425, 'ملك احمد عبدالتواب محمد', 'ابراج الأوقاف', 'اعمال حره', '01096775057', '01004366581', 1, 0, 0, '2020-10-26 17:17:56', '2020-10-27 22:00:08'),
(326, 426, 'حازم اسامه عبد العزيز  عبد التواب', 'شارع كامل رسلان بالجزيره', 'مدير شركه رخام', '01062230175', '01211127478', 2, 0, 0, '2020-10-26 17:31:01', '2020-10-27 22:00:34'),
(327, 427, 'عبدالله احمد علي محفوظ', 'عزبه ابو بكر خلف مديريه الطب البيطرى ش ورشه البلاط', 'فنى فى شركه ادويه', '01068357117', '01558877446', 1, 0, 0, '2020-10-26 18:25:28', '2020-10-27 22:00:42'),
(328, 429, 'Samir', 'Rgfg', 'Ffff', '01100767268', 'Srrrrr', 1, 0, 0, '2020-10-26 18:44:18', '2020-10-27 22:00:58');
INSERT INTO `reservations` (`id`, `user_id`, `name`, `address`, `guardianـjob`, `mobile`, `guardianـmobile`, `class_year`, `appointment`, `is_new`, `created_at`, `updated_at`) VALUES
(329, 432, 'Maria emad', 'بني سويف شرق النيل', 'مهندس ميكانيكا', '01061208158', '01229218701', 1, 0, 0, '2020-10-26 18:45:00', '2020-10-27 22:01:24'),
(330, 431, 'شهد محمد سيد احمد', 'بني عطيه', 'مدرس', '01204979241', '01205029680', 1, 0, 0, '2020-10-26 18:45:04', '2020-10-27 22:01:41'),
(331, 430, 'مريم احمد نصر ابراهيم', 'كورنيش النيل', 'مدير بشركه مياه الشرب والصرف الصحي ببني سويف', '01028750502', '01005273207', 1, 0, 0, '2020-10-26 18:45:13', '2020-10-27 22:01:58'),
(332, 433, 'ياسمين عبدالرحمن طه', 'الاباصيري', 'جامعه بني سويف', '01273189969', '01286336635', 1, 0, 0, '2020-10-26 18:45:53', '2020-10-27 22:02:05'),
(333, 434, 'عبدالرحمن محمد بدوى جوده', 'حى الزهور', 'محقق', '01118868514', '01281244937', 1, 0, 0, '2020-10-26 19:14:12', '2020-10-27 22:02:23'),
(334, 435, 'كريم ياسر محمد عبد الرؤوف', 'ش حسن صبري الحلو', 'اعمال حرة', '01009465471', '01227009929', 1, 0, 0, '2020-10-26 19:55:03', '2020-10-27 22:02:37'),
(335, 436, 'سلسبيل احمد سيد سليمان', 'فى بنى عطيه', 'حارس شرطه', '01276346824', '01288797749', 1, 0, 0, '2020-10-26 20:17:31', '2020-10-27 22:03:00'),
(336, 437, 'محمد عادل أحمد عفت', 'الجزيرة المرتفعة', 'مدرس', '01092506099', '01119514299', 1, 0, 0, '2020-10-26 20:17:34', '2020-10-27 22:05:16'),
(337, 438, 'اسر محمد احمد طه', '٦شارع عابدين بني سويف الجديدة امام مكتبة هشام وعمرو', 'مدرسة تربية رياضية', '01274386711', '01274944451', 1, 0, 0, '2020-10-26 20:18:03', '2020-10-27 22:06:15'),
(338, 440, 'محمد صابر محمد عبداللطيف', 'سيد عبد اللطيف', 'معاش', '01093560444', '01000218424', 1, 0, 0, '2020-10-26 20:34:30', '2020-10-27 22:07:06'),
(339, 441, 'فاطمه ايمن محمد عبد المحسن', 'الجزيره المرتفعة', 'مدير اداره بشركه الغاز الطبيعي', '01064650373', '01000595966', 1, 0, 0, '2020-10-26 20:35:52', '2020-10-27 22:07:49'),
(340, 442, 'رنا احمد سيد عبد المولي', 'شارع الروضه شارع احمد عرابي شارع البحر', 'موظف شركه الحفر المصريه', '01228035584', '01285556879', 1, 0, 0, '2020-10-26 20:41:09', '2020-10-27 22:08:04'),
(341, 443, 'احمد محمد احمد حسن', '20شارعالجمهوريه', 'مشرف معماريه', '01121174942', '01121174942', 1, 0, 0, '2020-10-26 20:52:44', '2020-10-27 22:09:52'),
(342, 444, 'عبد الرحمن طه حامد طه', 'بني سويف', 'باحث قانوني', '01283606535', '01224760737', 1, 0, 0, '2020-10-26 21:05:00', '2020-10-27 22:09:58'),
(343, 445, 'محمد احمد امام حافظ', 'بياض العرب', 'موظف', '01550768094', '01227880605', 1, 0, 0, '2020-10-26 21:54:23', '2020-10-27 22:14:26'),
(344, 448, 'رحاب محمد صالح علي', 'مصنع التلج', 'متوفي', '01208482070', '01114435512', 2, 0, 0, '2020-10-26 22:43:40', '2020-10-27 22:11:27'),
(345, 449, 'اسماء زغلول صبحي محمد', 'الشرق', 'معلم فيزياء', '01147943672', '01555529663', 2, 0, 0, '2020-10-26 23:09:29', '2020-10-27 22:29:26'),
(346, 450, 'باسم محمد بحبح', 'الجزيره', 'مدرس', '01201940371', '01003814499', 1, 0, 0, '2020-10-26 23:10:12', '2020-10-27 22:30:00'),
(347, 452, 'Sama', 'الشرطه العسكريه شارع النور أمام ابراج مكه', 'ضابط جيش', '01122888078', '01122887999', 1, 0, 0, '2020-10-27 01:22:50', '2020-10-27 22:30:46'),
(348, 453, 'احمد بهاء الدين رمضان يوسف', 'ش الشرقاوي الجزيره المرتفعه', 'مدير اداره المراجعة بقطاع الشؤون التجارية بشركه مياه الشرب والصرف الصحى', '٠١١٤١٥٠٣٦٧٢', '٠١١٠٠٤١٤٢٢٧', 1, 0, 0, '2020-10-27 03:31:27', '2020-10-27 22:30:59'),
(349, 454, 'مريم سلامه يحيي اسماعيل', 'الحميات شارع مفتاح', 'نجار مسلح', '01023510020', '01029924309', 2, 0, 0, '2020-10-27 08:33:51', '2020-10-27 22:31:33'),
(350, 455, 'أمل محمد علي أمين', 'الشرطة العسكرية', 'موظف', '01205475291', '٠١٠٦٦٦٨١٥٤٥', 1, 0, 0, '2020-10-27 09:01:27', '2020-10-27 22:31:41'),
(351, 456, 'ندا عمران عبد العزيز احمد', 'منقريش', 'عمل حر', '01110748640', '01145996107', 2, 0, 0, '2020-10-27 09:53:39', '2020-10-27 22:31:49'),
(352, 457, 'شهد هشام عابدين احمد', 'خلف الشرطه العسكريه', 'ربه منزل', '01276337787', '01272085173', 1, 0, 0, '2020-10-27 10:15:35', '2020-10-27 22:32:21'),
(353, 458, 'مارينا موريس نصيف اسكندر', 'الشرطة العسكرية', 'عامل في سوبر ماركت', '01287762252', '01202993260', 1, 0, 0, '2020-10-27 11:17:02', '2020-10-27 22:34:45'),
(354, 459, 'محمد احمد محمد محمد', 'شارع عبد السلام عارف', 'موظف فى مجلس المدينه', '01010866571', '01252950034', 2, 0, 0, '2020-10-27 12:53:02', '2020-10-27 22:35:10'),
(355, 460, 'سما محمد حسن', 'خلف الاستاد الرياضي', 'شئون هندسيه ف مستشفي الجامعه', '٠١٠٣٠٥٨٧٠٠٩', '٠١٢٠٨٨٤٢٢٥٠', 1, 0, 0, '2020-10-27 14:19:09', '2020-10-27 22:37:13'),
(356, 461, 'مصطفى امير انور ابراهيم', 'مصنع التلج', 'مشرف بالإذاعه و التليفزيون', '01024457672', '01271671360', 2, 0, 0, '2020-10-27 18:34:37', '2020-10-27 22:37:04'),
(357, 462, 'mustafa ahmed kamal', 'بني سويف كورنيش  النيل', 'مدرس لغه عربيه', '01008889356', '01008889356', 1, 0, 0, '2020-10-27 20:11:56', '2020-10-27 23:18:58'),
(358, 463, 'خالد محمود محمد صلاح', 'خلف الاستاد الرياضي', 'مدير مبيعات', '01091200190', '01001289207', 2, 0, 0, '2020-10-27 21:01:48', '2020-10-27 23:19:14'),
(359, 464, 'محمد صبحي عويس', 'بني سويف', 'محافظه بني سويف', '01140158987', '01115735400', 2, 0, 1, '2020-10-28 00:12:07', '2020-10-28 00:12:07'),
(360, 465, 'أية شعبان مصطفي سعيد', 'الجزيرة المرتفعة', 'نجار مسلح', '01226670844', '01210957088', 2, 0, 1, '2020-10-28 12:18:38', '2020-10-28 12:18:38'),
(361, 466, 'مصطفى محمد ابواليزيد', 'الجزيره المرتفعه ش/ طه مهدي', 'مدرس', '01204266049', '01284677268', 2, 0, 1, '2020-10-28 13:28:09', '2020-10-28 13:28:09'),
(362, 467, 'علياء محمد بدر علي', '9 شارع الشرفاء المتفرع من شارع احمد عرابي', 'أعمال حرة', '01091532131', '01011139630', 2, 0, 1, '2020-10-28 16:56:14', '2020-10-28 16:56:14'),
(363, 468, 'محمود خالد محمود سيد', 'بني سليمان الشرقيه', 'المحاجر', '01022947414', '01145554640', 1, 0, 1, '2020-10-28 20:19:27', '2020-10-28 20:19:27'),
(364, 469, 'ناهد وليد ممدوح', 'الاباصيري', 'مراقب في مدريه الصحه', '01110372949', '01142868699', 2, 0, 1, '2020-10-29 00:07:05', '2020-10-29 00:07:05'),
(365, 470, 'Sondos mahmoud ali', 'الروضه', 'استورجي', '01271269735', '01275772348', 2, 0, 1, '2020-10-29 01:34:42', '2020-10-29 01:34:42'),
(366, 472, 'محمد مصطفى ثروت', 'الاباصيري', 'مدرس', '01202760861', '01280388405', 2, 0, 1, '2020-10-29 11:13:08', '2020-10-29 11:13:08'),
(367, 473, 'مصطفي رجب فاروق عيد', 'ارض المحلج', 'مديره دار ايتام', '011553395533', '01007949871', 2, 0, 1, '2020-10-29 12:12:29', '2020-10-29 12:12:29'),
(368, 474, 'احمد مرسى حفنى', 'بنى سليمان', 'مدير مدرسه', '01022023875', '01002191968', 1, 0, 1, '2020-10-29 14:12:29', '2020-10-29 14:12:29'),
(369, 475, 'يمني عماد عبدالرحمن', 'الجزيره', 'مشرف', '01115058934', '01156009431', 2, 0, 1, '2020-10-29 19:10:56', '2020-10-29 19:10:56'),
(370, 476, 'مهرائيل أسامة شهدى عبد النور', '24شارع عاطف الجزيرة المرتفعة مقبل', 'محامى', '01221679639', '01002168788', 2, 0, 1, '2020-10-29 20:02:39', '2020-10-29 20:02:39'),
(371, 477, 'داليا سامي محمد محمد', 'ميدان مولد النبي', 'محاسب', '01116354899', '01157935876', 1, 0, 1, '2020-10-30 13:42:11', '2020-10-30 13:42:11'),
(372, 478, 'يوسف حمدى ابراهيم ابراهيم', 'عزبة على راغب', 'عامل حر', '01142514880', '01021763635', 2, 0, 1, '2020-11-01 07:11:17', '2020-11-01 07:11:17'),
(373, 479, 'دينا اسامه عباس عبد العزيز', 'مقبل', 'أعمال حره', '01224848540', '01225040080', 1, 0, 1, '2020-11-01 15:26:36', '2020-11-01 15:26:36'),
(374, 480, 'Rana Ahmed Mohamed', 'B.n.s', 'مدرس', '01114770467', '01154722555', 2, 0, 1, '2020-11-04 15:24:17', '2020-11-04 15:24:17'),
(375, 481, 'عمرو  خالد  محمد رشدى', 'جزيرة', 'مدرس', '01222346208', '01204402714', 2, 0, 1, '2020-11-04 18:51:46', '2020-11-04 18:51:46'),
(376, 483, 'ڤيرينا ناجي مفتاح قتحي', 'شارع اسلام برج سلوتير', 'موجهة رياض اطفال', '01278239705', '01227409509', 2, 0, 1, '2020-11-05 14:57:40', '2020-11-05 14:57:40'),
(377, 485, 'كمال شحاته كمال محمد', '٩٩شارع أحمد عرابي', 'موظف', '01556858702', '01004342451', 2, 0, 1, '2020-11-08 17:52:33', '2020-11-08 17:52:33'),
(378, 486, 'انجي عبدالله فتحي سليمان', 'بياض', 'نجار', '01062109494', '01009387119', 2, 0, 1, '2020-11-14 12:11:13', '2020-11-14 12:11:13'),
(379, 487, 'لؤى محمد حسن احمد على', 'وراء الاستاد', 'مدرب دراجات', '01061888787', '01550701108', 2, 0, 1, '2020-11-15 04:19:10', '2020-11-15 04:19:10'),
(380, 489, 'test test test', 'fff', 'fff', '01049219525', '314414', 4, 0, 1, '2020-11-16 16:04:41', '2020-11-16 16:04:41'),
(381, 490, 'عبدالرحمن بببب', 'bns', 'teacher', '01112131415', '01030103133', 4, 3, 0, '2020-11-16 18:25:09', '2020-11-16 18:31:10'),
(382, 491, 'خالد محمود محمد صلاح', 'خلف الاستاد الرياضي', 'مدير مبيعات', '01091200190', '01001289207', 2, 0, 1, '2020-11-20 19:51:19', '2020-11-20 19:51:19');

-- --------------------------------------------------------

--
-- Table structure for table `students`
--

CREATE TABLE `students` (
  `id` bigint(20) UNSIGNED NOT NULL,
  `user_id` bigint(20) UNSIGNED NOT NULL,
  `reservation_id` bigint(20) UNSIGNED NOT NULL,
  `created_at` timestamp NULL DEFAULT NULL,
  `updated_at` timestamp NULL DEFAULT NULL
) ENGINE=InnoDB DEFAULT CHARSET=utf8mb4 COLLATE=utf8mb4_unicode_ci;

--
-- Dumping data for table `students`
--

INSERT INTO `students` (`id`, `user_id`, `reservation_id`, `created_at`, `updated_at`) VALUES
(4, 25, 15, '2020-08-02 10:11:08', '2020-08-02 10:11:08'),
(5, 15, 5, '2020-08-02 10:44:50', '2020-08-02 10:44:50'),
(6, 31, 21, '2020-08-02 15:04:34', '2020-08-02 15:04:34'),
(7, 33, 23, '2020-08-02 15:04:51', '2020-08-02 15:04:51'),
(8, 17, 7, '2020-08-02 15:05:41', '2020-08-02 15:05:41'),
(9, 16, 6, '2020-08-02 15:10:40', '2020-08-02 15:10:40'),
(11, 18, 8, '2020-08-02 15:10:46', '2020-08-02 15:10:46'),
(13, 19, 9, '2020-08-02 15:10:51', '2020-08-02 15:10:51'),
(15, 20, 10, '2020-08-02 15:10:56', '2020-08-02 15:10:56'),
(18, 21, 11, '2020-08-02 15:11:01', '2020-08-02 15:11:01'),
(20, 22, 12, '2020-08-02 15:11:05', '2020-08-02 15:11:05'),
(21, 23, 13, '2020-08-02 15:11:09', '2020-08-02 15:11:09'),
(23, 24, 14, '2020-08-02 15:11:13', '2020-08-02 15:11:13'),
(25, 27, 17, '2020-08-02 15:11:23', '2020-08-02 15:11:23'),
(27, 30, 20, '2020-08-02 15:11:29', '2020-08-02 15:11:29'),
(28, 32, 22, '2020-08-02 15:11:35', '2020-08-02 15:11:35'),
(30, 34, 24, '2020-08-02 19:09:47', '2020-08-02 19:09:47'),
(31, 36, 25, '2020-08-02 19:10:01', '2020-08-02 19:10:01'),
(32, 39, 27, '2020-08-02 19:10:06', '2020-08-02 19:10:06'),
(34, 37, 28, '2020-08-02 19:10:27', '2020-08-02 19:10:27'),
(35, 38, 26, '2020-08-02 19:10:43', '2020-08-02 19:10:43'),
(36, 43, 31, '2020-08-02 19:10:54', '2020-08-02 19:10:54'),
(37, 45, 32, '2020-08-02 19:11:01', '2020-08-02 19:11:01'),
(38, 47, 34, '2020-08-02 19:11:13', '2020-08-02 19:11:13'),
(39, 49, 35, '2020-08-02 19:11:20', '2020-08-02 19:11:20'),
(40, 46, 33, '2020-08-02 19:11:24', '2020-08-02 19:11:24'),
(41, 54, 40, '2020-08-02 19:11:32', '2020-08-02 19:11:32'),
(42, 58, 43, '2020-08-02 19:11:54', '2020-08-02 19:11:54'),
(43, 67, 50, '2020-08-02 19:12:19', '2020-08-02 19:12:19'),
(44, 59, 44, '2020-08-02 19:12:26', '2020-08-02 19:12:26'),
(45, 62, 45, '2020-08-02 19:12:30', '2020-08-02 19:12:30'),
(46, 61, 46, '2020-08-02 19:12:39', '2020-08-02 19:12:39'),
(47, 55, 39, '2020-08-02 19:13:33', '2020-08-02 19:13:33'),
(48, 52, 38, '2020-08-02 19:13:39', '2020-08-02 19:13:39'),
(49, 51, 37, '2020-08-02 19:13:43', '2020-08-02 19:13:43'),
(50, 48, 36, '2020-08-02 19:13:50', '2020-08-02 19:13:50'),
(51, 42, 30, '2020-08-02 19:13:57', '2020-08-02 19:13:57'),
(52, 65, 48, '2020-08-02 19:14:06', '2020-08-02 19:14:06'),
(53, 66, 49, '2020-08-02 19:14:09', '2020-08-02 19:14:09'),
(54, 63, 47, '2020-08-02 19:14:15', '2020-08-02 19:14:15'),
(55, 68, 51, '2020-08-02 19:36:47', '2020-08-02 19:36:47'),
(57, 71, 54, '2020-08-02 20:20:12', '2020-08-02 20:20:12'),
(58, 70, 53, '2020-08-02 20:20:19', '2020-08-02 20:20:19'),
(59, 72, 55, '2020-08-02 20:32:55', '2020-08-02 20:32:55'),
(60, 73, 56, '2020-08-02 20:33:02', '2020-08-02 20:33:02'),
(61, 75, 57, '2020-08-02 22:34:41', '2020-08-02 22:34:41'),
(62, 77, 58, '2020-08-02 22:34:56', '2020-08-02 22:34:56'),
(63, 79, 59, '2020-08-02 22:35:01', '2020-08-02 22:35:01'),
(64, 82, 60, '2020-08-02 22:35:15', '2020-08-02 22:35:15'),
(65, 83, 61, '2020-08-02 22:35:19', '2020-08-02 22:35:19'),
(66, 26, 16, '2020-08-02 22:35:26', '2020-08-02 22:35:26'),
(67, 56, 41, '2020-08-02 22:35:31', '2020-08-02 22:35:31'),
(68, 29, 19, '2020-08-02 22:35:40', '2020-08-02 22:35:40'),
(69, 84, 62, '2020-08-02 22:35:47', '2020-08-02 22:35:47'),
(70, 85, 63, '2020-08-02 23:09:48', '2020-08-02 23:09:48'),
(71, 78, 64, '2020-08-02 23:18:56', '2020-08-02 23:18:56'),
(72, 57, 42, '2020-08-02 23:19:44', '2020-08-02 23:19:44'),
(73, 86, 65, '2020-08-02 23:37:22', '2020-08-02 23:37:22'),
(74, 88, 66, '2020-08-03 04:01:49', '2020-08-03 04:01:49'),
(75, 90, 67, '2020-08-03 04:12:12', '2020-08-03 04:12:12'),
(79, 95, 70, '2020-08-03 13:22:04', '2020-08-03 13:22:04'),
(80, 103, 76, '2020-08-03 13:28:24', '2020-08-03 13:28:24'),
(81, 104, 77, '2020-08-03 13:29:24', '2020-08-03 13:29:24'),
(82, 102, 75, '2020-08-03 13:29:29', '2020-08-03 13:29:29'),
(83, 101, 74, '2020-08-03 13:29:34', '2020-08-03 13:29:34'),
(84, 100, 73, '2020-08-03 13:29:37', '2020-08-03 13:29:37'),
(85, 97, 72, '2020-08-03 13:29:40', '2020-08-03 13:29:40'),
(86, 106, 78, '2020-08-03 13:50:42', '2020-08-03 13:50:42'),
(87, 107, 79, '2020-08-03 14:22:09', '2020-08-03 14:22:09'),
(89, 108, 80, '2020-08-03 14:41:52', '2020-08-03 14:41:52'),
(90, 109, 81, '2020-08-03 14:41:54', '2020-08-03 14:41:54'),
(91, 110, 82, '2020-08-03 14:41:59', '2020-08-03 14:41:59'),
(92, 112, 83, '2020-08-03 18:05:57', '2020-08-03 18:05:57'),
(93, 113, 84, '2020-08-03 18:06:01', '2020-08-03 18:06:01'),
(94, 114, 85, '2020-08-03 18:06:05', '2020-08-03 18:06:05'),
(95, 115, 86, '2020-08-03 18:06:08', '2020-08-03 18:06:08'),
(98, 117, 87, '2020-08-03 18:14:57', '2020-08-03 18:14:57'),
(101, 118, 88, '2020-08-03 18:28:14', '2020-08-03 18:28:14'),
(105, 124, 92, '2020-08-03 21:35:40', '2020-08-03 21:35:40'),
(106, 125, 93, '2020-08-03 21:35:47', '2020-08-03 21:35:47'),
(107, 126, 94, '2020-08-03 21:36:02', '2020-08-03 21:36:02'),
(108, 127, 95, '2020-08-03 22:11:47', '2020-08-03 22:11:47'),
(109, 129, 96, '2020-08-03 22:38:45', '2020-08-03 22:38:45'),
(110, 130, 97, '2020-08-03 22:38:48', '2020-08-03 22:38:48'),
(111, 131, 98, '2020-08-03 22:38:50', '2020-08-03 22:38:50'),
(112, 132, 99, '2020-08-03 22:56:42', '2020-08-03 22:56:42'),
(113, 133, 100, '2020-08-03 23:30:25', '2020-08-03 23:30:25'),
(114, 134, 101, '2020-08-03 23:30:28', '2020-08-03 23:30:28'),
(115, 138, 102, '2020-08-04 08:23:47', '2020-08-04 08:23:47'),
(116, 139, 103, '2020-08-04 08:23:50', '2020-08-04 08:23:50'),
(118, 140, 104, '2020-08-04 08:30:39', '2020-08-04 08:30:39'),
(119, 142, 105, '2020-08-04 11:31:17', '2020-08-04 11:31:17'),
(120, 143, 106, '2020-08-04 11:31:21', '2020-08-04 11:31:21'),
(121, 147, 108, '2020-08-04 11:46:51', '2020-08-04 11:46:51'),
(122, 146, 107, '2020-08-04 11:46:56', '2020-08-04 11:46:56'),
(123, 148, 109, '2020-08-04 12:00:02', '2020-08-04 12:00:02'),
(124, 149, 110, '2020-08-04 12:50:28', '2020-08-04 12:50:28'),
(125, 152, 111, '2020-08-04 13:22:01', '2020-08-04 13:22:01'),
(126, 153, 112, '2020-08-04 13:40:24', '2020-08-04 13:40:24'),
(127, 155, 113, '2020-08-04 14:47:22', '2020-08-04 14:47:22'),
(128, 157, 114, '2020-08-04 15:01:41', '2020-08-04 15:01:41'),
(129, 156, 115, '2020-08-04 15:08:49', '2020-08-04 15:08:49'),
(130, 159, 116, '2020-08-04 15:17:09', '2020-08-04 15:17:09'),
(131, 160, 117, '2020-08-04 15:21:28', '2020-08-04 15:21:28'),
(132, 162, 118, '2020-08-04 15:28:30', '2020-08-04 15:28:30'),
(135, 165, 120, '2020-08-04 15:53:27', '2020-08-04 15:53:27'),
(136, 166, 121, '2020-08-04 16:35:37', '2020-08-04 16:35:37'),
(137, 167, 122, '2020-08-04 17:19:19', '2020-08-04 17:19:19'),
(139, 169, 123, '2020-08-04 18:16:28', '2020-08-04 18:16:28'),
(140, 170, 124, '2020-08-04 18:50:38', '2020-08-04 18:50:38'),
(141, 171, 125, '2020-08-04 18:50:41', '2020-08-04 18:50:41'),
(142, 172, 126, '2020-08-04 18:55:37', '2020-08-04 18:55:37'),
(143, 173, 127, '2020-08-04 22:42:27', '2020-08-04 22:42:27'),
(144, 175, 128, '2020-08-04 22:42:37', '2020-08-04 22:42:37'),
(145, 176, 129, '2020-08-04 22:42:43', '2020-08-04 22:42:43'),
(147, 179, 131, '2020-08-04 22:42:57', '2020-08-04 22:42:57'),
(149, 180, 132, '2020-08-04 22:43:17', '2020-08-04 22:43:17'),
(150, 181, 133, '2020-08-04 23:38:25', '2020-08-04 23:38:25'),
(151, 185, 136, '2020-08-04 23:38:30', '2020-08-04 23:38:30'),
(152, 184, 135, '2020-08-04 23:38:31', '2020-08-04 23:38:31'),
(153, 182, 134, '2020-08-04 23:38:35', '2020-08-04 23:38:35'),
(155, 186, 137, '2020-08-04 23:47:00', '2020-08-04 23:47:00'),
(157, 187, 138, '2020-08-05 00:22:46', '2020-08-05 00:22:46'),
(160, 188, 139, '2020-08-05 00:35:11', '2020-08-05 00:35:11'),
(161, 189, 140, '2020-08-05 01:25:18', '2020-08-05 01:25:18'),
(162, 190, 141, '2020-08-05 01:25:30', '2020-08-05 01:25:30'),
(163, 195, 145, '2020-08-05 11:01:22', '2020-08-05 11:01:22'),
(164, 193, 143, '2020-08-05 11:01:43', '2020-08-05 11:01:43'),
(165, 192, 142, '2020-08-05 11:01:46', '2020-08-05 11:01:46'),
(166, 194, 144, '2020-08-05 11:02:28', '2020-08-05 11:02:28'),
(168, 196, 146, '2020-08-05 12:58:55', '2020-08-05 12:58:55'),
(172, 200, 148, '2020-08-05 13:10:28', '2020-08-05 13:10:28'),
(175, 205, 153, '2020-08-05 13:56:21', '2020-08-05 13:56:21'),
(176, 202, 150, '2020-08-05 13:56:26', '2020-08-05 13:56:26'),
(177, 201, 149, '2020-08-05 13:56:29', '2020-08-05 13:56:29'),
(178, 203, 151, '2020-08-05 13:56:31', '2020-08-05 13:56:31'),
(180, 206, 154, '2020-08-05 14:42:30', '2020-08-05 14:42:30'),
(181, 207, 155, '2020-08-05 15:30:29', '2020-08-05 15:30:29'),
(182, 214, 159, '2020-08-05 17:34:48', '2020-08-05 17:34:48'),
(183, 214, 159, '2020-08-05 17:39:38', '2020-08-05 17:39:38'),
(184, 213, 158, '2020-08-05 17:39:43', '2020-08-05 17:39:43'),
(185, 212, 157, '2020-08-05 17:39:50', '2020-08-05 17:39:50'),
(186, 208, 156, '2020-08-05 17:39:52', '2020-08-05 17:39:52'),
(187, 216, 160, '2020-08-05 18:17:35', '2020-08-05 18:17:35'),
(188, 219, 162, '2020-08-05 18:26:55', '2020-08-05 18:26:55'),
(189, 218, 161, '2020-08-05 18:26:57', '2020-08-05 18:26:57'),
(190, 220, 163, '2020-08-05 19:09:46', '2020-08-05 19:09:46'),
(191, 221, 164, '2020-08-05 19:09:49', '2020-08-05 19:09:49'),
(192, 222, 165, '2020-08-05 19:09:57', '2020-08-05 19:09:57'),
(193, 223, 166, '2020-08-05 19:10:07', '2020-08-05 19:10:07'),
(194, 224, 167, '2020-08-05 21:28:21', '2020-08-05 21:28:21'),
(195, 226, 169, '2020-08-05 21:28:37', '2020-08-05 21:28:37'),
(196, 227, 170, '2020-08-05 21:28:49', '2020-08-05 21:28:49'),
(197, 229, 171, '2020-08-05 21:28:55', '2020-08-05 21:28:55'),
(198, 225, 168, '2020-08-05 21:43:35', '2020-08-05 21:43:35'),
(199, 230, 172, '2020-08-05 21:57:17', '2020-08-05 21:57:17'),
(200, 232, 173, '2020-08-05 22:15:40', '2020-08-05 22:15:40'),
(201, 235, 175, '2020-08-05 22:28:37', '2020-08-05 22:28:37'),
(204, 237, 177, '2020-08-05 22:51:29', '2020-08-05 22:51:29'),
(205, 239, 178, '2020-08-05 22:51:32', '2020-08-05 22:51:32'),
(206, 237, 177, '2020-08-05 22:53:07', '2020-08-05 22:53:07'),
(207, 240, 179, '2020-08-05 23:09:36', '2020-08-05 23:09:36'),
(208, 241, 180, '2020-08-05 23:09:51', '2020-08-05 23:09:51'),
(209, 243, 182, '2020-08-06 02:56:19', '2020-08-06 02:56:19'),
(210, 244, 183, '2020-08-06 02:56:24', '2020-08-06 02:56:24'),
(211, 245, 184, '2020-08-06 02:56:29', '2020-08-06 02:56:29'),
(212, 246, 185, '2020-08-06 14:48:25', '2020-08-06 14:48:25'),
(213, 256, 192, '2020-10-24 11:46:49', '2020-10-24 11:46:49'),
(214, 248, 186, '2020-10-24 13:59:12', '2020-10-24 13:59:12'),
(215, 261, 195, '2020-10-24 13:59:49', '2020-10-24 13:59:49'),
(216, 273, 201, '2020-10-24 14:00:33', '2020-10-24 14:00:33'),
(217, 262, 198, '2020-10-24 14:01:31', '2020-10-24 14:01:31'),
(218, 262, 198, '2020-10-24 14:01:32', '2020-10-24 14:01:32'),
(219, 290, 214, '2020-10-24 17:12:36', '2020-10-24 17:12:36'),
(220, 315, 232, '2020-10-24 17:23:34', '2020-10-24 17:23:34'),
(221, 269, 199, '2020-10-24 17:28:02', '2020-10-24 17:28:02'),
(222, 310, 229, '2020-10-24 17:29:13', '2020-10-24 17:29:13'),
(223, 314, 231, '2020-10-24 17:33:18', '2020-10-24 17:33:18'),
(224, 267, 197, '2020-10-24 17:33:32', '2020-10-24 17:33:32'),
(225, 311, 228, '2020-10-24 17:33:47', '2020-10-24 17:33:47'),
(226, 313, 230, '2020-10-24 17:34:02', '2020-10-24 17:34:02'),
(227, 308, 227, '2020-10-24 17:34:16', '2020-10-24 17:34:16'),
(228, 307, 226, '2020-10-24 17:34:31', '2020-10-24 17:34:31'),
(229, 309, 225, '2020-10-24 17:34:55', '2020-10-24 17:34:55'),
(230, 271, 200, '2020-10-24 17:35:24', '2020-10-24 17:35:24'),
(231, 250, 188, '2020-10-24 17:35:35', '2020-10-24 17:35:35'),
(232, 252, 189, '2020-10-24 17:35:46', '2020-10-24 17:35:46'),
(233, 258, 193, '2020-10-24 17:35:54', '2020-10-24 17:35:54'),
(234, 275, 202, '2020-10-24 17:36:03', '2020-10-24 17:36:03'),
(235, 301, 220, '2020-10-24 17:36:39', '2020-10-24 17:36:39'),
(236, 280, 207, '2020-10-24 17:36:47', '2020-10-24 17:36:47'),
(237, 254, 190, '2020-10-24 17:37:09', '2020-10-24 17:37:09'),
(238, 278, 205, '2020-10-24 17:37:17', '2020-10-24 17:37:17'),
(239, 255, 191, '2020-10-24 17:37:28', '2020-10-24 17:37:28'),
(240, 249, 187, '2020-10-24 17:37:42', '2020-10-24 17:37:42'),
(241, 249, 187, '2020-10-24 17:37:42', '2020-10-24 17:37:42'),
(242, 249, 187, '2020-10-24 17:37:43', '2020-10-24 17:37:43'),
(243, 260, 194, '2020-10-24 17:37:54', '2020-10-24 17:37:54'),
(244, 276, 203, '2020-10-24 17:38:00', '2020-10-24 17:38:00'),
(245, 277, 204, '2020-10-24 17:38:10', '2020-10-24 17:38:10'),
(246, 279, 206, '2020-10-24 17:38:17', '2020-10-24 17:38:17'),
(247, 299, 219, '2020-10-24 17:38:58', '2020-10-24 17:38:58'),
(248, 282, 208, '2020-10-24 17:39:08', '2020-10-24 17:39:08'),
(249, 303, 222, '2020-10-24 18:02:04', '2020-10-24 18:02:04'),
(250, 298, 218, '2020-10-24 20:08:48', '2020-10-24 20:08:48'),
(251, 283, 209, '2020-10-24 20:09:01', '2020-10-24 20:09:01'),
(252, 284, 210, '2020-10-24 20:09:20', '2020-10-24 20:09:20'),
(253, 295, 216, '2020-10-24 20:09:54', '2020-10-24 20:09:54'),
(254, 297, 217, '2020-10-24 20:10:16', '2020-10-24 20:10:16'),
(255, 302, 221, '2020-10-24 20:10:26', '2020-10-24 20:10:26'),
(256, 318, 233, '2020-10-24 20:10:36', '2020-10-24 20:10:36'),
(257, 320, 235, '2020-10-24 20:10:47', '2020-10-24 20:10:47'),
(258, 306, 224, '2020-10-24 20:11:02', '2020-10-24 20:11:02'),
(259, 291, 212, '2020-10-24 20:11:10', '2020-10-24 20:11:10'),
(260, 323, 238, '2020-10-24 20:11:20', '2020-10-24 20:11:20'),
(261, 322, 237, '2020-10-24 20:11:31', '2020-10-24 20:11:31'),
(262, 325, 240, '2020-10-24 20:11:45', '2020-10-24 20:11:45'),
(263, 321, 236, '2020-10-24 20:11:58', '2020-10-24 20:11:58'),
(264, 319, 234, '2020-10-24 20:12:09', '2020-10-24 20:12:09'),
(265, 294, 215, '2020-10-24 20:12:19', '2020-10-24 20:12:19'),
(266, 305, 223, '2020-10-24 20:12:27', '2020-10-24 20:12:27'),
(267, 289, 213, '2020-10-24 20:14:44', '2020-10-24 20:14:44'),
(268, 326, 241, '2020-10-24 20:15:33', '2020-10-24 20:15:33'),
(269, 287, 211, '2020-10-24 20:16:26', '2020-10-24 20:16:26'),
(270, 289, 213, '2020-10-24 20:34:42', '2020-10-24 20:34:42'),
(271, 328, 242, '2020-10-24 20:36:30', '2020-10-24 20:36:30'),
(272, 335, 249, '2020-10-24 20:36:51', '2020-10-24 20:36:51'),
(273, 324, 239, '2020-10-24 20:37:20', '2020-10-24 20:37:20'),
(274, 331, 244, '2020-10-24 20:37:30', '2020-10-24 20:37:30'),
(275, 333, 246, '2020-10-24 20:37:37', '2020-10-24 20:37:37'),
(276, 327, 247, '2020-10-24 20:37:43', '2020-10-24 20:37:43'),
(277, 330, 243, '2020-10-24 20:37:56', '2020-10-24 20:37:56'),
(278, 332, 245, '2020-10-24 20:38:02', '2020-10-24 20:38:02'),
(279, 334, 248, '2020-10-24 20:38:25', '2020-10-24 20:38:25'),
(280, 336, 250, '2020-10-24 20:38:33', '2020-10-24 20:38:33'),
(281, 337, 251, '2020-10-24 20:38:45', '2020-10-24 20:38:45'),
(282, 339, 252, '2020-10-24 20:38:52', '2020-10-24 20:38:52'),
(283, 341, 253, '2020-10-24 20:38:57', '2020-10-24 20:38:57'),
(284, 342, 254, '2020-10-24 20:59:33', '2020-10-24 20:59:33'),
(285, 343, 255, '2020-10-24 20:59:41', '2020-10-24 20:59:41'),
(286, 345, 256, '2020-10-24 21:08:19', '2020-10-24 21:08:19'),
(287, 346, 257, '2020-10-24 21:08:24', '2020-10-24 21:08:24'),
(288, 347, 258, '2020-10-24 21:24:01', '2020-10-24 21:24:01'),
(289, 348, 259, '2020-10-24 21:24:20', '2020-10-24 21:24:20'),
(290, 347, 258, '2020-10-24 21:24:36', '2020-10-24 21:24:36'),
(293, 341, 253, '2020-10-25 05:47:20', '2020-10-25 05:47:20'),
(294, 349, 260, '2020-10-25 05:49:46', '2020-10-25 05:49:46'),
(295, 352, 261, '2020-10-25 05:49:52', '2020-10-25 05:49:52'),
(296, 353, 262, '2020-10-25 15:31:22', '2020-10-25 15:31:22'),
(297, 354, 263, '2020-10-25 15:31:28', '2020-10-25 15:31:28'),
(298, 403, 305, '2020-10-26 07:20:21', '2020-10-26 07:20:21'),
(299, 367, 273, '2020-10-26 07:20:32', '2020-10-26 07:20:32'),
(300, 357, 265, '2020-10-26 07:20:40', '2020-10-26 07:20:40'),
(301, 356, 264, '2020-10-26 07:20:47', '2020-10-26 07:20:47'),
(302, 358, 266, '2020-10-26 07:20:54', '2020-10-26 07:20:54'),
(303, 363, 267, '2020-10-26 07:21:01', '2020-10-26 07:21:01'),
(304, 364, 268, '2020-10-26 07:21:08', '2020-10-26 07:21:08'),
(305, 365, 269, '2020-10-26 07:21:16', '2020-10-26 07:21:16'),
(306, 362, 270, '2020-10-26 07:21:23', '2020-10-26 07:21:23'),
(307, 366, 271, '2020-10-26 07:21:31', '2020-10-26 07:21:31'),
(308, 368, 272, '2020-10-26 07:21:36', '2020-10-26 07:21:36'),
(309, 360, 274, '2020-10-26 07:21:41', '2020-10-26 07:21:41'),
(310, 370, 275, '2020-10-26 07:21:48', '2020-10-26 07:21:48'),
(311, 371, 276, '2020-10-26 07:21:54', '2020-10-26 07:21:54'),
(312, 371, 277, '2020-10-26 07:22:02', '2020-10-26 07:22:02'),
(313, 372, 279, '2020-10-26 07:22:35', '2020-10-26 07:22:35'),
(314, 373, 280, '2020-10-26 07:22:50', '2020-10-26 07:22:50'),
(315, 374, 281, '2020-10-26 07:22:57', '2020-10-26 07:22:57'),
(316, 376, 282, '2020-10-26 07:23:09', '2020-10-26 07:23:09'),
(317, 377, 283, '2020-10-26 07:23:15', '2020-10-26 07:23:15'),
(318, 378, 284, '2020-10-26 07:23:21', '2020-10-26 07:23:21'),
(319, 378, 284, '2020-10-26 07:23:28', '2020-10-26 07:23:28'),
(320, 380, 285, '2020-10-26 07:23:36', '2020-10-26 07:23:36'),
(321, 379, 286, '2020-10-26 07:23:41', '2020-10-26 07:23:41'),
(322, 381, 287, '2020-10-26 07:23:47', '2020-10-26 07:23:47'),
(323, 383, 288, '2020-10-26 07:23:54', '2020-10-26 07:23:54'),
(324, 384, 289, '2020-10-26 07:24:00', '2020-10-26 07:24:00'),
(325, 386, 291, '2020-10-26 07:24:09', '2020-10-26 07:24:09'),
(326, 388, 292, '2020-10-26 07:24:22', '2020-10-26 07:24:22'),
(327, 390, 294, '2020-10-26 07:24:32', '2020-10-26 07:24:32'),
(328, 389, 293, '2020-10-26 07:24:38', '2020-10-26 07:24:38'),
(329, 392, 295, '2020-10-26 07:24:44', '2020-10-26 07:24:44'),
(330, 393, 296, '2020-10-26 07:24:49', '2020-10-26 07:24:49'),
(331, 394, 297, '2020-10-26 07:24:55', '2020-10-26 07:24:55'),
(332, 395, 298, '2020-10-26 07:25:00', '2020-10-26 07:25:00'),
(333, 397, 299, '2020-10-26 07:25:05', '2020-10-26 07:25:05'),
(334, 398, 300, '2020-10-26 07:25:10', '2020-10-26 07:25:10'),
(335, 400, 302, '2020-10-26 07:25:32', '2020-10-26 07:25:32'),
(336, 399, 301, '2020-10-26 07:25:37', '2020-10-26 07:25:37'),
(337, 401, 303, '2020-10-26 07:25:42', '2020-10-26 07:25:42'),
(338, 402, 304, '2020-10-26 07:25:46', '2020-10-26 07:25:46'),
(339, 404, 306, '2020-10-26 16:26:23', '2020-10-26 16:26:23'),
(340, 404, 306, '2020-10-26 16:26:38', '2020-10-26 16:26:38'),
(341, 405, 307, '2020-10-26 16:27:11', '2020-10-26 16:27:11'),
(342, 404, 306, '2020-10-26 16:27:11', '2020-10-26 16:27:11'),
(343, 404, 306, '2020-10-26 16:27:15', '2020-10-26 16:27:15'),
(344, 404, 306, '2020-10-26 16:27:31', '2020-10-26 16:27:31'),
(345, 404, 306, '2020-10-26 16:27:31', '2020-10-26 16:27:31'),
(346, 406, 308, '2020-10-27 21:51:42', '2020-10-27 21:51:42'),
(347, 407, 309, '2020-10-27 21:51:54', '2020-10-27 21:51:54'),
(348, 408, 310, '2020-10-27 21:52:09', '2020-10-27 21:52:09'),
(349, 409, 311, '2020-10-27 21:54:03', '2020-10-27 21:54:03'),
(350, 410, 312, '2020-10-27 21:54:15', '2020-10-27 21:54:15'),
(351, 412, 313, '2020-10-27 21:54:30', '2020-10-27 21:54:30'),
(352, 413, 315, '2020-10-27 21:54:42', '2020-10-27 21:54:42'),
(353, 414, 314, '2020-10-27 21:55:38', '2020-10-27 21:55:38'),
(354, 415, 316, '2020-10-27 21:56:06', '2020-10-27 21:56:06'),
(355, 417, 317, '2020-10-27 21:56:18', '2020-10-27 21:56:18'),
(356, 418, 318, '2020-10-27 21:56:44', '2020-10-27 21:56:44'),
(357, 419, 319, '2020-10-27 21:56:59', '2020-10-27 21:56:59'),
(358, 420, 320, '2020-10-27 21:57:28', '2020-10-27 21:57:28'),
(359, 421, 321, '2020-10-27 21:57:46', '2020-10-27 21:57:46'),
(360, 422, 322, '2020-10-27 21:58:13', '2020-10-27 21:58:13'),
(361, 423, 323, '2020-10-27 21:59:39', '2020-10-27 21:59:39'),
(362, 424, 324, '2020-10-27 21:59:59', '2020-10-27 21:59:59'),
(363, 425, 325, '2020-10-27 22:00:08', '2020-10-27 22:00:08'),
(364, 427, 327, '2020-10-27 22:00:42', '2020-10-27 22:00:42'),
(365, 429, 328, '2020-10-27 22:00:58', '2020-10-27 22:00:58'),
(366, 432, 329, '2020-10-27 22:01:24', '2020-10-27 22:01:24'),
(367, 431, 330, '2020-10-27 22:01:41', '2020-10-27 22:01:41'),
(368, 430, 331, '2020-10-27 22:01:58', '2020-10-27 22:01:58'),
(369, 434, 333, '2020-10-27 22:02:23', '2020-10-27 22:02:23'),
(370, 435, 334, '2020-10-27 22:02:37', '2020-10-27 22:02:37'),
(371, 436, 335, '2020-10-27 22:03:00', '2020-10-27 22:03:00'),
(372, 437, 336, '2020-10-27 22:05:16', '2020-10-27 22:05:16'),
(373, 438, 337, '2020-10-27 22:06:15', '2020-10-27 22:06:15'),
(374, 440, 338, '2020-10-27 22:07:06', '2020-10-27 22:07:06'),
(375, 442, 340, '2020-10-27 22:08:04', '2020-10-27 22:08:04'),
(376, 443, 341, '2020-10-27 22:09:52', '2020-10-27 22:09:52'),
(377, 444, 342, '2020-10-27 22:09:58', '2020-10-27 22:09:58'),
(378, 448, 344, '2020-10-27 22:11:27', '2020-10-27 22:11:27'),
(379, 445, 343, '2020-10-27 22:14:26', '2020-10-27 22:14:26'),
(380, 449, 345, '2020-10-27 22:29:26', '2020-10-27 22:29:26'),
(381, 450, 346, '2020-10-27 22:30:00', '2020-10-27 22:30:00'),
(382, 452, 347, '2020-10-27 22:30:46', '2020-10-27 22:30:46'),
(383, 453, 348, '2020-10-27 22:30:59', '2020-10-27 22:30:59'),
(384, 454, 349, '2020-10-27 22:31:33', '2020-10-27 22:31:33'),
(385, 455, 350, '2020-10-27 22:31:41', '2020-10-27 22:31:41'),
(386, 456, 351, '2020-10-27 22:31:49', '2020-10-27 22:31:49'),
(387, 457, 352, '2020-10-27 22:32:21', '2020-10-27 22:32:21'),
(388, 453, 348, '2020-10-27 22:33:41', '2020-10-27 22:33:41'),
(389, 458, 353, '2020-10-27 22:34:45', '2020-10-27 22:34:45'),
(390, 459, 354, '2020-10-27 22:35:10', '2020-10-27 22:35:10'),
(391, 460, 355, '2020-10-27 22:37:13', '2020-10-27 22:37:13'),
(392, 462, 357, '2020-10-27 23:18:58', '2020-10-27 23:18:58'),
(393, 463, 358, '2020-10-27 23:19:14', '2020-10-27 23:19:14');

-- --------------------------------------------------------

--
-- Table structure for table `users`
--

CREATE TABLE `users` (
  `id` bigint(20) UNSIGNED NOT NULL,
  `role` varchar(255) COLLATE utf8mb4_unicode_ci NOT NULL DEFAULT 'Normal' COMMENT 'Admin & Normal',
  `email` varchar(255) COLLATE utf8mb4_unicode_ci DEFAULT NULL,
  `mobile` varchar(255) COLLATE utf8mb4_unicode_ci NOT NULL,
  `password` varchar(255) COLLATE utf8mb4_unicode_ci NOT NULL,
  `is_active` tinyint(1) NOT NULL DEFAULT '0',
  `is_subscribed` tinyint(1) NOT NULL DEFAULT '0',
  `email_verified_at` timestamp NULL DEFAULT NULL,
  `remember_token` varchar(100) COLLATE utf8mb4_unicode_ci DEFAULT NULL,
  `created_at` timestamp NULL DEFAULT NULL,
  `updated_at` timestamp NULL DEFAULT NULL
) ENGINE=InnoDB DEFAULT CHARSET=utf8mb4 COLLATE=utf8mb4_unicode_ci;

--
-- Dumping data for table `users`
--

INSERT INTO `users` (`id`, `role`, `email`, `mobile`, `password`, `is_active`, `is_subscribed`, `email_verified_at`, `remember_token`, `created_at`, `updated_at`) VALUES
(1, 'Admin', NULL, '01096742196', '$2y$10$JASjUuVymuwM2dz8f1LAFu3IG0sCOqYxijYoVAvNDluzw6ujYtnLe', 1, 1, NULL, NULL, NULL, NULL),
(2, 'Normal', NULL, '0123456789', '$2y$10$IA1ZvpcI7yPMsIS.EfWviO1SB2weF/xBV7NIzz0zvvgYSXJmFVUiW', 1, 1, NULL, NULL, '2020-07-31 05:10:56', '2020-08-01 19:43:00'),
(3, 'Normal', NULL, '01150187069', '$2y$10$CDn9CvHN438p4sSzaTL.u.NbxC4Mbg7Eo2hjuFGKUoK3M4TaSdQI2', 1, 1, NULL, NULL, '2020-08-01 17:32:50', '2020-08-01 17:32:50'),
(5, 'Normal', NULL, '0120290256', '$2y$10$4tHvDdabD0oxkH5NDAqBW.FZaqBTEGoKviw.G2GzyQ7yePX/Dy1Za', 1, 1, NULL, NULL, '2020-08-01 19:27:14', '2020-08-01 19:27:14'),
(11, 'Admin', NULL, '01125752200', '$2y$10$89QX7K//N0aR66GAqJcfQ.1JvOhh/dlZ/83NJJunIPAi7Ys8ydck2', 1, 1, NULL, NULL, '2020-08-01 20:01:37', '2020-08-01 20:01:37'),
(12, 'Admin', NULL, '01119910801', '$2y$10$MQVEzL12Yl3e.FZw/BZa3eBArEyN1Ak4T793n118z8g3FMGuG7ZEK', 1, 1, NULL, NULL, '2020-08-01 20:01:49', '2020-08-01 20:01:49'),
(13, 'Admin', NULL, '01159849607', '$2y$10$JASjUuVymuwM2dz8f1LAFu3IG0sCOqYxijYoVAvNDluzw6ujYtnLe', 1, 1, NULL, NULL, '2020-08-01 20:02:30', '2020-08-01 20:02:30'),
(14, 'Admin', NULL, '01100767268', '$2y$10$gHDRig02Cf9ZSvupQyjBiOzuVFjinBAIeOItUOU9Mq1H032o1da82', 1, 1, NULL, NULL, '2020-08-01 20:07:34', '2020-08-01 20:07:34'),
(15, 'Normal', NULL, '01551958592', '$2y$10$NAuCGMDgHk6GhrNTmEIcS.Jvmz0hAqujag.jqrP.rIc0Idtm07jp.', 1, 1, NULL, NULL, '2020-08-02 01:10:10', '2020-08-02 10:48:07'),
(16, 'Normal', NULL, '01121586021', '$2y$10$NEydDpC1HsJLceLfOizL/eGoqL2u8nj06/Ao1qdJP/KoSw4s.oQ92', 1, 1, NULL, NULL, '2020-08-02 01:10:29', '2020-08-02 19:40:11'),
(17, 'Normal', NULL, '01212990773', '$2y$10$xcMtXd0keuPWRCHTSuPH7OUDe3kWEmr0wqhEpOGew/53MQxcQwJ9K', 1, 1, NULL, NULL, '2020-08-02 01:18:40', '2020-08-02 19:33:09'),
(18, 'Normal', NULL, '01114435797', '$2y$10$T1oZIaJCtuGqya9lADufIuphkqhrLX9UtYSq77P2kvGAzsthUgdo2', 1, 1, NULL, NULL, '2020-08-02 01:22:19', '2020-08-02 19:41:07'),
(19, 'Normal', NULL, '01011632261', '$2y$10$prI847J2IvpDpMzVibwqR.H9GEMM5E5tmstzicVEu/QiX5l5RLPze', 1, 1, NULL, NULL, '2020-08-02 01:31:35', '2020-08-02 23:24:11'),
(20, 'Normal', NULL, '01220870178', '$2y$10$5uN6cyKoG4zRsHinq3o3X.muJMK6k8B16vFVon8rjQ9.XuoBjJFK.', 1, 1, NULL, NULL, '2020-08-02 01:40:08', '2020-08-02 23:26:04'),
(21, 'Normal', NULL, '01100229220', '$2y$10$emJzPkeHUdWCHWjlI9R9O.HKKzb/8v/oixpFhDZ6T7lfLJBrebEVu', 1, 1, NULL, NULL, '2020-08-02 01:45:28', '2020-08-02 22:36:31'),
(22, 'Normal', NULL, '01210367583', '$2y$10$dFkX6i5kVFRFgSFm4BPwHueYmWVCyJ6sS62oP4XgVadOlOHb8lCaW', 1, 1, NULL, NULL, '2020-08-02 02:12:39', '2020-08-02 23:26:32'),
(23, 'Normal', NULL, '01227110493', '$2y$10$WFm2VOtG8g2w7RWtWmYWMuJLLs2aFRI7WuN7y0B2Ds9joNCkZnw3m', 1, 1, NULL, NULL, '2020-08-02 02:20:33', '2020-08-02 23:26:58'),
(24, 'Normal', NULL, '01092029078', '$2y$10$KjxuVTwy6KVbOYw9CK2iKO0pMSQu6AAekg1j2Io8HRM.1L8s1tOr.', 1, 1, NULL, NULL, '2020-08-02 03:16:57', '2020-08-02 23:27:28'),
(25, 'Normal', NULL, '01121817634', '$2y$10$xoJsP/409XAGOKB8.uPRS.U3LusHklUUTRXAHUqiRyhZRVuryuBG2', 1, 1, NULL, NULL, '2020-08-02 06:11:10', '2020-08-02 10:47:29'),
(26, 'Normal', NULL, '01062535483', '$2y$10$jp/dkv.Cz0m1kmx3qzIJrO0pWb.ehgdRKA5Erfmp113d6nrQ2Lsoa', 1, 1, NULL, NULL, '2020-08-02 08:04:30', '2020-08-02 08:04:30'),
(27, 'Normal', NULL, '01016323419', '$2y$10$BntWx1ZcqJvAxAPnOKygU.j9Sb7VKNMqoHheINRAlj0djRij79zcW', 1, 1, NULL, NULL, '2020-08-02 10:12:54', '2020-08-02 10:12:54'),
(28, 'Normal', NULL, '1234567890', '$2y$10$iO2lpYovMn9xPyvDMNk5Ze9MRxAuqRJRIsrCURa8IOxDzY1j/MrQO', 1, 1, NULL, NULL, '2020-08-02 10:15:47', '2020-08-02 10:15:47'),
(29, 'Normal', NULL, '01152713389', '$2y$10$ZT5M0e0woE6PN93LOsQxBuzsyaYDcPT8mz8db1X7kFvOzEpS0XpOC', 1, 1, NULL, NULL, '2020-08-02 11:53:24', '2020-08-02 11:53:24'),
(30, 'Normal', NULL, '01280200628', '$2y$10$HFGr6ClzMNkI9s2ErPNL9emHcMq8v47kLuqa9WiarVo8VXl0K9h7m', 1, 1, NULL, NULL, '2020-08-02 14:34:13', '2020-08-02 23:28:02'),
(31, 'Normal', NULL, '01222924800', '$2y$10$z8Hfz.6c7JI7almS/CCqmuO6S2EZRA19WcaW3DiTOF9TlZnttcsTK', 1, 1, NULL, NULL, '2020-08-02 14:34:30', '2020-08-02 15:08:20'),
(32, 'Normal', NULL, '0109184896', '$2y$10$LExD2GE5lgGfryvrK8sQi.g2cl7LNYprfNXlsF9RA2f.DY9IQTHzq', 1, 1, NULL, NULL, '2020-08-02 14:42:30', '2020-08-02 23:28:44'),
(33, 'Normal', NULL, '01113563161', '$2y$10$2/KC2vE2/4454WbgIKrG6O3tysonYJ.ABgWqlgJNTfP2N2w1PpLjq', 1, 1, NULL, NULL, '2020-08-02 14:51:01', '2020-08-02 15:07:18'),
(34, 'Normal', NULL, '01554561069', '$2y$10$4NH2FEB/8Few56fagezG4u4l9tNPH9MVwWHBUAsf.almxRwfqX1x.', 1, 1, NULL, NULL, '2020-08-02 15:35:20', '2020-08-02 19:24:16'),
(35, 'Normal', NULL, '01553052806', '$2y$10$ETPt/GfHA/b61QyH3ostbuZFqIOCTkPwldhCiCb.eGLlakwLBzBnO', 1, 1, NULL, NULL, '2020-08-02 15:50:50', '2020-08-02 15:50:50'),
(36, 'Normal', NULL, '01023656427', '$2y$10$0jJlaa8YTyq/81rSFjKRXeHEuaT/JM.vyzG1G52Lq/1SXopB7ZEJS', 1, 1, NULL, NULL, '2020-08-02 16:03:36', '2020-08-02 19:24:58'),
(37, 'Normal', NULL, '01097733409', '$2y$10$QRGdScOsWgoORF3nAo.N5u8gFxP.x/vyYlpNwGo/NYm9du5X/TRCi', 1, 1, NULL, NULL, '2020-08-02 16:03:59', '2020-08-02 19:23:35'),
(38, 'Normal', NULL, '01207288160', '$2y$10$j8tpGa6X97k3OzN5JJ1Lm.66s6ZAPjZOCPBfRVsqMIVisdAa0pFTu', 1, 1, NULL, NULL, '2020-08-02 16:04:13', '2020-08-02 19:27:39'),
(39, 'Normal', NULL, '01159081144', '$2y$10$PSJ7IUKjRpR0nf7T7bpm/ewE/MrXg9CnZqu9bQsa9.Hvo9cTEv8r6', 1, 1, NULL, NULL, '2020-08-02 16:04:37', '2020-08-02 19:21:33'),
(40, 'Normal', NULL, '01142141049', '$2y$10$BhGwUnP7sqkM/vkL1M07OeSeUQipzzCmrJHZ1Zya/enoPAFaJp2au', 1, 1, NULL, NULL, '2020-08-02 16:09:52', '2020-08-02 16:09:52'),
(41, 'Normal', NULL, '01283072847', '$2y$10$ItN5RbKqgiDFedibNksKNef2nTu1V5wdpFT9WlebWPTsMJnYnPWxu', 1, 1, NULL, NULL, '2020-08-02 16:10:48', '2020-08-02 19:22:35'),
(42, 'Normal', NULL, '01285177922', '$2y$10$KjSmxYHeestIgy7tgPGuveOxjWrKnhuzdOQ.iI.wqRr5mCNCGWntG', 1, 1, NULL, NULL, '2020-08-02 16:12:17', '2020-08-02 16:12:17'),
(43, 'Normal', NULL, '01096865404', '$2y$10$w0UPBb/0tnbNBYrKiQwynO3C4p9DpI3/G6OketlwGFdP9EiOzA/.2', 1, 1, NULL, NULL, '2020-08-02 16:14:07', '2020-08-02 19:28:35'),
(45, 'Normal', NULL, '01024300037', '$2y$10$xchWkBuJqypyKnK0mHgOfOgOcgNX9tNdgCnZZLZl2g16uJ4qjND2S', 1, 1, NULL, NULL, '2020-08-02 16:36:26', '2020-08-02 16:36:26'),
(46, 'Normal', NULL, '01204266049', '$2y$10$Y6yz0M4gFTDuxqfLM8wPfOzQo5CGNutIBCmFM62JqjHjkkBSvH0r6', 1, 1, NULL, NULL, '2020-08-02 16:39:27', '2020-08-02 16:39:27'),
(47, 'Normal', NULL, '01280388405', '$2y$10$YgedC5.WZ1TKC5fY2oKmBusH3utSup24nh.oFZC55.YHnV82suEl2', 1, 1, NULL, NULL, '2020-08-02 16:41:26', '2020-08-02 23:29:15'),
(48, 'Normal', NULL, '01022898626', '$2y$10$IeelE866wPoI34eU4HB9pejIXLCo7zPnaDAkvHNenIoc5PI.eqJhG', 1, 1, NULL, NULL, '2020-08-02 16:41:32', '2020-08-02 19:35:52'),
(49, 'Normal', NULL, '01159849028', '$2y$10$h204QSublvlaOmkm.QQaZefbdm3mnFq.d0/LaCWOhjZQuWYDzJU6O', 1, 1, NULL, NULL, '2020-08-02 16:41:52', '2020-08-02 16:41:52'),
(50, 'Normal', NULL, '01142184108', '$2y$10$I/Igj09gMxRnip3R30OQVOZoQqlUlQRP0OpI4gtgYnA.lZ04hnuK2', 1, 1, NULL, NULL, '2020-08-02 16:51:08', '2020-08-02 16:51:08'),
(51, 'Normal', NULL, '01016546884', '$2y$10$SNCr8oLbEdDdwKSD5eS3XOh3d5y8gkFU89ZRsjJqGTrX06Chj8.oq', 1, 1, NULL, NULL, '2020-08-02 16:51:35', '2020-08-02 19:35:07'),
(52, 'Normal', NULL, '01110372949', '$2y$10$6LaXx7F2qK/z5NRs0uZyOe69UHRo4Ca7q8iB1dSLl9/jLk9s0T5oC', 1, 1, NULL, NULL, '2020-08-02 17:08:05', '2020-08-02 17:08:05'),
(53, 'Normal', NULL, '01287707793', '$2y$10$y1cjCCaWIzMClDRJMa5TxueNZj3YH99WioCmh.dmuU4puhdjsJTge', 1, 1, NULL, NULL, '2020-08-02 17:11:08', '2020-08-02 17:11:08'),
(54, 'Normal', NULL, '01225705159', '$2y$10$Gqd/QOChew.BykiJ0yc2Q.R3rTc.ROyRCva4VmJG7WpHxDfdHqk.K', 1, 1, NULL, NULL, '2020-08-02 17:15:31', '2020-08-02 19:29:59'),
(55, 'Normal', NULL, '01207550540', '$2y$10$J2KFHm1WYZYe6n8/cOI69emGp6EsVEQifhMRrpktZr7rc9aPBeljS', 1, 1, NULL, NULL, '2020-08-02 17:20:14', '2020-08-02 17:20:14'),
(56, 'Normal', NULL, '01127009639', '$2y$10$l7TalgZ5/uqpzBIFFMouZegnEHBHZMPdOhePbLUf6w0NaX4YWVP0K', 1, 1, NULL, NULL, '2020-08-02 17:36:42', '2020-08-02 17:36:42'),
(57, 'Normal', NULL, '01279908053', '$2y$10$0wztG8BZj0CHqKU4ZYG2P.BgCR1/MT1qI6TGXmT9RN9P3b2EsGfFC', 1, 1, NULL, NULL, '2020-08-02 17:40:39', '2020-08-02 17:40:39'),
(58, 'Normal', NULL, '01156816398', '$2y$10$isJw1HDykIwasHpkVjneK.MkdXko5UAWueb8xvJ6EqUO5zWMbU3/y', 1, 1, NULL, NULL, '2020-08-02 17:48:11', '2020-08-02 19:30:52'),
(59, 'Normal', NULL, '01145843298', '$2y$10$HQCZnMmiknWpJPGB76T3c.PE6VdKSlKu0e/H0ZZzjC9Xcl38CHlVK', 1, 1, NULL, NULL, '2020-08-02 18:12:55', '2020-08-02 18:12:55'),
(61, 'Normal', NULL, '01144829695', '$2y$10$UWOQr.Flxz61ZhS9BDwPuOgb76721wtD/0XC8yY/6oN6Eqy6Xfyme', 1, 1, NULL, NULL, '2020-08-02 18:22:54', '2020-08-02 20:35:40'),
(62, 'Normal', NULL, '01110327995', '$2y$10$I68lW7.aDTBumNawNLxZK.bG4HcEpZRq4TpwAD52AM.TFkSKy/MNm', 1, 1, NULL, NULL, '2020-08-02 18:23:01', '2020-08-02 23:32:21'),
(63, 'Normal', NULL, '01067096891', '$2y$10$P0IUhy47TO3NL4EddcDwZO4TSn/30v.o3U2ZeN2qxbg9YlOcy/Nge', 1, 1, NULL, NULL, '2020-08-02 18:43:36', '2020-08-02 18:43:36'),
(64, 'Normal', NULL, '01112627125', '$2y$10$wBkbeEciie4zHyGwBpK22OY.Eu2kGVUMVzt6MS7LuQegvdfY52dpu', 1, 1, NULL, NULL, '2020-08-02 18:57:27', '2020-08-02 18:57:27'),
(65, 'Normal', NULL, '01275102355', '$2y$10$q3I4RH2KEOkokFeigQ.KTutjTwjb8o9j/U.y6QJqyXQulEgY3X2eG', 1, 1, NULL, NULL, '2020-08-02 18:59:53', '2020-08-02 19:32:10'),
(66, 'Normal', NULL, '0108637492', '$2y$10$VLne5eXKBRjlfHG6mBRYOO6xXW9PT/s4HHreAa1PFakKtrfUxu58G', 1, 1, NULL, NULL, '2020-08-02 19:02:08', '2020-08-02 19:33:47'),
(67, 'Normal', NULL, '01027807262', '$2y$10$YWNjh85am.k6HR.j0fMBNOMMlCrLEfFlFkhowwdcdE5PLdebk2GXi', 1, 1, NULL, NULL, '2020-08-02 19:09:39', '2020-08-02 19:29:14'),
(68, 'Normal', NULL, '01277991884', '$2y$10$qhkPR5pXUcAFK38No8RXp.si4cyoKYf3qjjEdevntDPo4AgLAmfia', 1, 1, NULL, NULL, '2020-08-02 19:25:23', '2020-08-02 19:42:34'),
(69, 'Normal', NULL, '01275037379', '$2y$10$PrKyg1aOI.Z8mCMiF0UyieFeudnXq9hEb8/QGYuYyE4GMVyDCpzv.', 1, 1, NULL, NULL, '2020-08-02 19:48:31', '2020-08-02 19:48:31'),
(70, 'Normal', NULL, '01221679639', '$2y$10$4CgmAcONhn7yQpcFFzK9k.nuopYS48j/nblyALzQL1Pi413anHpXC', 1, 1, NULL, NULL, '2020-08-02 20:04:39', '2020-08-02 20:04:39'),
(71, 'Normal', NULL, '01149795673', '$2y$10$bfKtadfcwbGVNPLTXoiCYOWDYA8z0C9nNFECmAbEEXpPMT/hNUPcm', 1, 1, NULL, NULL, '2020-08-02 20:11:49', '2020-08-02 20:11:49'),
(72, 'Normal', NULL, '01029566416', '$2y$10$hjLSKd3EHKp1t1rolAZ1Zu9jn0i5D3nNmU7EyGyQ9uCzPFDaNbNCW', 1, 1, NULL, NULL, '2020-08-02 20:12:17', '2020-08-02 20:34:32'),
(73, 'Normal', NULL, '01021867789', '$2y$10$OQrz/S3chUUcrrITUIFZBOI2nHlbYOtNce.wmSErnKb.9hDVwsi.i', 1, 1, NULL, NULL, '2020-08-02 20:22:45', '2020-08-02 20:22:45'),
(74, 'Normal', NULL, '01124755873', '$2y$10$3zlCy5v8iLHAvp5VD1Oyxeuwfp0anb4vtWmlIbkWRFzSkNY3zZBVG', 1, 1, NULL, NULL, '2020-08-02 21:56:55', '2020-08-02 21:56:55'),
(75, 'Normal', NULL, '01008071696', '$2y$10$emRsFqRxdscXUhkofGBi4OQFu7iYLdYM4wTXbQmbBpZLYvaHZwiZC', 1, 1, NULL, NULL, '2020-08-02 21:58:09', '2020-08-02 21:58:09'),
(76, 'Normal', NULL, '01099224753', '$2y$10$Ixzf1JRSP9ZiekY6lXP4zOrWVVTZKsDcPiEcqSppphNU5cb1H5Tbu', 1, 1, NULL, NULL, '2020-08-02 21:59:54', '2020-08-02 21:59:54'),
(77, 'Normal', NULL, '01010198937', '$2y$10$I6EZcumtPrki6jRnVFznwezJj1ErlNahDA7jKms7upMDIQYdrOn.S', 1, 1, NULL, NULL, '2020-08-02 22:08:24', '2020-08-02 22:08:24'),
(78, 'Normal', NULL, '01278946216', '$2y$10$vLLk5CPtXg7SZ40DrPBzFOEltD1rllX49ElnTlu74HpReVAsbonuq', 1, 1, NULL, NULL, '2020-08-02 22:09:31', '2020-08-02 22:09:31'),
(79, 'Normal', NULL, '01013947220', '$2y$10$bHYKT3hxeeUhGCgqiqk1rO5G5CD05jkzxplviDJcNmcVIA9zzfDIy', 1, 1, NULL, NULL, '2020-08-02 22:20:37', '2020-08-02 22:20:37'),
(80, 'Normal', NULL, '01028233968', '$2y$10$gQsEkz/G3ZsNp5MEhPGUHuDGjh7spRSQPinQvS1mADFhSeNfXN5IC', 1, 1, NULL, NULL, '2020-08-02 22:26:03', '2020-08-02 22:26:03'),
(81, 'Normal', NULL, '01003268748', '$2y$10$16QlkbKdnLF0cYeAGb3DAe0o82DurqBeW/gqz9m1kEzg/Dji8ApAC', 1, 1, NULL, NULL, '2020-08-02 22:26:20', '2020-08-02 22:26:20'),
(82, 'Normal', NULL, '01064618871', '$2y$10$/Z37nsyNvQt6n7M5f4guf.OE3HpSY3OEJlrRlGTPFS8KnDg.gWMiu', 1, 1, NULL, NULL, '2020-08-02 22:28:16', '2020-08-02 22:28:16'),
(83, 'Normal', NULL, '01143031768', '$2y$10$KDE52DZS2Nbopf/8ctITvuYUY5QRxMurE97Y/tZ/.d.GYT2WUxqbK', 1, 1, NULL, NULL, '2020-08-02 22:29:00', '2020-08-02 22:29:00'),
(84, 'Normal', NULL, '01013138920', '$2y$10$MMV5/9lpFkUoH4MQvcefcOSOCuFbxsF3CVElFMvPotAX.B1iMWdbO', 1, 1, NULL, NULL, '2020-08-02 22:32:09', '2020-08-02 22:32:09'),
(85, 'Normal', NULL, '01101675105', '$2y$10$vYOQ8nRwDUrHD.2SCN42deBqKkL9qWnEgxpxN32V44mYqrMOtzeiW', 1, 1, NULL, NULL, '2020-08-02 22:55:46', '2020-08-02 22:55:46'),
(86, 'Normal', NULL, '01062659465', '$2y$10$Vy3574wW0dEZxBYZpJcgregqIngiBew6XnnPr/KzFVb6C2e4DAkDe', 1, 1, NULL, NULL, '2020-08-02 23:22:15', '2020-08-02 23:22:15'),
(87, 'Normal', NULL, '01279146482', '$2y$10$3lRuXkwLIpK7TP7AQ7901uQ06r3FaFnfj2azkr5L2bmHSRcCgh2oe', 1, 1, NULL, NULL, '2020-08-02 23:27:42', '2020-08-02 23:27:42'),
(88, 'Normal', NULL, '01284488975', '$2y$10$gxx5yfiP/ou.pzG9DJjZR.cpPSQOIpcilaNtUNCCdCpetN1N4zCtO', 1, 1, NULL, NULL, '2020-08-03 01:40:54', '2020-08-03 01:40:54'),
(89, 'Normal', NULL, '12345678', '$2y$10$uPmVx5AbXf3QaYi5xXDHluG6pQUBzadZpwTyXGrUC3deQ8jLgBy96', 1, 1, NULL, NULL, '2020-08-03 03:49:56', '2020-08-03 03:49:56'),
(90, 'Normal', NULL, '12345678901', '$2y$10$90AP/9REKcibTKBpYSfQRur1rPwHonDGQodSFm5EJzwZt2hR99.1u', 1, 1, NULL, NULL, '2020-08-03 04:11:06', '2020-08-03 04:11:06'),
(91, 'Normal', NULL, '12345678912', '$2y$10$jV/mTxhCMrdFExRb5Gz9TOFwr67gmepktIvbFp301yECYRR7bIi8K', 1, 1, NULL, NULL, '2020-08-03 04:30:13', '2020-08-03 04:30:13'),
(92, 'Normal', NULL, '01226944065', '$2y$10$Udn5hlECqsuy4XUQvhckxewJZZbiYwPr.ziz9Ql2MyV5hY89ARp.2', 1, 1, NULL, NULL, '2020-08-03 04:37:33', '2020-08-03 04:51:43'),
(93, 'Normal', NULL, '01279857329', '$2y$10$WpbSf50CqtPuv99GfkGeoua3cfZcHYOBZlu8qUYqrRzNbbeLMZ7tK', 1, 1, NULL, NULL, '2020-08-03 05:56:33', '2020-08-03 05:56:33'),
(94, 'Normal', NULL, '01281591102', '$2y$10$wVczKKhF18KUMVaXhPpYce2ZFWw97toezTKpy2.AvNN067r8wg5Zi', 1, 1, NULL, NULL, '2020-08-03 06:07:05', '2020-08-03 14:42:02'),
(95, 'Normal', NULL, '01140863844', '$2y$10$M84/fGNq9NL74hrsinuKiOaiEwrE6fTOGR6t7h7OhgniDnxcF8RR2', 1, 1, NULL, NULL, '2020-08-03 07:13:53', '2020-08-03 07:13:53'),
(96, 'Normal', NULL, '01033320313', '$2y$10$tcOX5AN.p6unardtk8IcgeKWsiBKVd3m2gGy6e3jPKynYJvpqjMAW', 1, 1, NULL, NULL, '2020-08-03 07:15:33', '2020-08-03 07:15:33'),
(97, 'Normal', NULL, '01007444147', '$2y$10$gxuqpLNYQ2A0wPBZsXIP1.DOcQbAeK65ml8F.eIIZbW8jR8k3N8dC', 1, 1, NULL, NULL, '2020-08-03 09:38:49', '2020-08-03 13:29:40'),
(98, 'Normal', NULL, '01141527384', '$2y$10$wuGnWvgZ71G1eMC3wQGvpej78K3J7xz3QHXfQyXTcINhXpmeQEime', 1, 1, NULL, NULL, '2020-08-03 09:40:31', '2020-08-03 09:40:31'),
(99, 'Normal', NULL, '01151841507', '$2y$10$NGKU1PY8T7RTm8vRDCBAheTthk6KPuPIMpOCTHmQIS4ocmRVLh3Aa', 1, 1, NULL, NULL, '2020-08-03 10:50:45', '2020-08-03 10:50:45'),
(100, 'Normal', NULL, '01094403314', '$2y$10$XuElOydwkUhxOG4F/tk1L.HBk7v..CZx0L9OkmInPX5mfWk3z0Nxu', 1, 1, NULL, NULL, '2020-08-03 12:22:34', '2020-08-03 13:29:37'),
(101, 'Normal', NULL, '01101152575', '$2y$10$BpaFNohSp/Oq9DWFiebN2uY6FKm5FwrK0ZGAWWA56dj6AtdNP2yLm', 1, 1, NULL, NULL, '2020-08-03 12:29:56', '2020-08-03 13:29:34'),
(102, 'Normal', NULL, '01122523424', '$2y$10$i1ExDn6nzvIILI2lzmcKWer3HaeIK7GZlaRGY/HhhvZpiP76j3t4i', 1, 1, NULL, NULL, '2020-08-03 12:38:46', '2020-08-03 13:29:29'),
(103, 'Normal', NULL, '01123866247', '$2y$10$iSjL53mtTI4eLLU2ackqDeKaI.7cqVhC51I0oZ9FO58K2YaZvZ.VG', 1, 1, NULL, NULL, '2020-08-03 12:43:17', '2020-08-03 13:28:24'),
(104, 'Normal', NULL, '01127813873', '$2y$10$q8Yg4mDXiQgdHbNLjs6Cge9Nzae.O3AxaYh0Q13gUYQfiQ5bGjpUC', 1, 1, NULL, NULL, '2020-08-03 13:18:12', '2020-08-03 13:29:24'),
(105, 'Normal', NULL, '01032480881', '$2y$10$NvoQGg4FYR5AyKwbzIf5AObDoYCIjMljqMJCh2HHH3PL81xYrbF2m', 1, 1, NULL, NULL, '2020-08-03 13:30:55', '2020-08-03 13:30:55'),
(106, 'Normal', NULL, '01006071542', '$2y$10$4p1I2HrrdTrUdDgPYt9bYeXKEfHLxshVgwVOSncaZdM2wFuKOAICe', 1, 1, NULL, NULL, '2020-08-03 13:39:01', '2020-08-03 13:50:42'),
(107, 'Normal', NULL, '01066237694', '$2y$10$1AeOYmH/ryctRJ3BuoioVe6lqZJi6bYyZgOfwYAWkdksGejsUdwE.', 1, 1, NULL, NULL, '2020-08-03 14:14:57', '2020-08-03 14:40:23'),
(108, 'Normal', NULL, '01154489839', '$2y$10$pN5VAk7dElTJfQy7AlZ0geiH75l6Z69YKlqq/mhr9rxs1QrBnwrPa', 1, 1, NULL, NULL, '2020-08-03 14:35:29', '2020-08-03 14:41:52'),
(109, 'Normal', NULL, '01099117076', '$2y$10$lTLqR9ujIFn6fxRWvg1DierSVGjnXJy5IQH3ynuMjClLOkATe0OZm', 1, 1, NULL, NULL, '2020-08-03 14:38:35', '2020-08-03 14:41:54'),
(110, 'Normal', NULL, '01017179419', '$2y$10$/ddAR76tPpog9ABYORuNduTgyHageUd24pRB6.e25Q0UNjYTMwA86', 1, 1, NULL, NULL, '2020-08-03 14:39:48', '2020-08-03 14:41:59'),
(111, 'Normal', NULL, '01279846523', '$2y$10$0Fp9fkmjzhrkf9uzD4F3DOx8C66dKFK/vEU5O6z1RhnzwtRXJXB5S', 1, 1, NULL, NULL, '2020-08-03 15:24:49', '2020-08-03 15:24:49'),
(112, 'Normal', NULL, '01221380492', '$2y$10$vLKd.9sJe3gJymeyyMyS3eZ05Cfy/FxulqN0Kmws3sCnZY.VNh0Ma', 1, 1, NULL, NULL, '2020-08-03 16:10:13', '2020-08-03 18:05:57'),
(113, 'Normal', NULL, '01025153351', '$2y$10$VPsWFE3lftZYgmsowlRCg.OyevZQpcuROBPmtbF0Vum.CoQ3mJk76', 1, 1, NULL, NULL, '2020-08-03 16:12:05', '2020-08-03 18:06:01'),
(114, 'Normal', NULL, '01553143748', '$2y$10$9QzYWxjMLtmaoIiqu7WK2./Tecfnj3VXvBqrQ8RX1xN6ZtpmF8iUW', 1, 1, NULL, NULL, '2020-08-03 16:55:54', '2020-08-03 18:06:05'),
(115, 'Normal', NULL, '01557098973', '$2y$10$G5.rMUYza.Wx8PKbuCqg9u.kpGaXX36ex/k1mj7HDar5d7ZsOOAzm', 1, 1, NULL, NULL, '2020-08-03 17:11:56', '2020-08-03 18:06:08'),
(116, 'Normal', NULL, '01278239705', '$2y$10$CTZuMhj/2QWfWOXtJ2EjiOO1xZWgqmbAv49q/B/lW9yW/N1TS1s1e', 1, 1, NULL, NULL, '2020-08-03 17:54:16', '2020-08-03 17:54:16'),
(117, 'Normal', NULL, '01227409509', '$2y$10$1zTKQEQbEY6aAHaUpvsYSuRJK4g8lg5Ck0Pvl7uf3IAghK.ixHi6q', 1, 1, NULL, NULL, '2020-08-03 18:09:48', '2020-08-03 18:24:09'),
(118, 'Normal', NULL, '01274044127', '$2y$10$kYDwhROaGfsLFNEjTEN7weuZiwsmvn2M1RLkI42NYGVDSbDD37ydy', 1, 1, NULL, NULL, '2020-08-03 18:19:22', '2020-08-03 18:28:14'),
(123, 'Normal', NULL, '01123858886', '$2y$10$WdCCyPAR1mPJSZYT2G/XGujRq4gH8v/BKQ1GzwBEKFzRGZIwLa1vC', 1, 1, NULL, NULL, '2020-08-03 19:39:55', '2020-08-03 19:39:55'),
(124, 'Normal', NULL, '01032815254', '$2y$10$sVRA7KF0Ptr6ggfLwOdCUucYAv2x0RgdBpauzGox8bzZUAg3GfdYW', 1, 1, NULL, NULL, '2020-08-03 19:57:10', '2020-08-04 15:26:13'),
(125, 'Normal', NULL, '01210152654', '$2y$10$7xmDamCdm9D.4VsyTGSg5eHDC69FB1zV/DFsL7ndaO5kdtZpbv2p6', 1, 1, NULL, NULL, '2020-08-03 19:57:18', '2020-08-05 12:52:27'),
(126, 'Normal', NULL, '01099737283', '$2y$10$vbX671.YatRs9E4UTVPrKuxmbaf02OdJocsK9y8lJZsxd8GnTvoJ.', 1, 1, NULL, NULL, '2020-08-03 21:29:48', '2020-08-04 15:42:07'),
(127, 'Normal', NULL, '01143329612', '$2y$10$fdizop7QE91njwMkr7Ijg.jiTLny/RMHNbR78CcExPrKg6xVFpjWe', 1, 1, NULL, NULL, '2020-08-03 21:48:56', '2020-08-04 15:38:22'),
(128, 'Normal', NULL, '01095229394', '$2y$10$BqHCMRKepepEPgtm2M.ptOHLLoIpdCf914T1R/BiYA.R2roV0Z6YC', 1, 1, NULL, NULL, '2020-08-03 21:57:38', '2020-08-03 21:57:38'),
(129, 'Normal', NULL, '01061613714', '$2y$10$qC.DbOuqcwBlyUDHIJNcA.k3UgCPPg5poCl5FfCyOpl0/Jw/n17e6', 1, 1, NULL, NULL, '2020-08-03 22:19:12', '2020-08-03 22:38:45'),
(130, 'Normal', NULL, '01226608745', '$2y$10$YMd6Pi09df9.o7An9aJE7e0BNxSRix2uU0oVRSI6XYmOBDevnHGVa', 1, 1, NULL, NULL, '2020-08-03 22:27:21', '2020-08-03 22:38:48'),
(131, 'Normal', NULL, '01284369364', '$2y$10$KMQfiMs/9v3JaoEvK4s0Yer/y8Q3lry.kNnaSICQhhkm1d8PA06pa', 1, 1, NULL, NULL, '2020-08-03 22:33:21', '2020-08-04 15:35:15'),
(132, 'Normal', NULL, '01275688864', '$2y$10$X9m5BuZaHjum0LXWrm28yuwVGW2e1V0vNgJ/1nPdS4lwq2UypYpiy', 1, 1, NULL, NULL, '2020-08-03 22:50:14', '2020-08-04 15:19:35'),
(133, 'Normal', NULL, '01023447853', '$2y$10$O84BbmaWVsuKB7mSXC3A..HWdVnQKPizwMlqQnUCixHqQXc7Y4v.a', 1, 1, NULL, NULL, '2020-08-03 23:19:55', '2020-08-04 15:37:20'),
(134, 'Normal', NULL, '01223375518', '$2y$10$2qHfzXbu3D.G.jtHBmzBAeQeLbua6ZXZGHfgyFQeVk/eACinSsPpW', 1, 1, NULL, NULL, '2020-08-03 23:21:09', '2020-08-04 15:33:34'),
(135, 'Normal', NULL, '01205526064', '$2y$10$G3dCLsx1qnYm2n1M4NwcIeP5ti3m5tba6yvcfNEJ2PnGIXzZ8c1KS', 1, 1, NULL, NULL, '2020-08-04 04:43:16', '2020-08-04 04:43:16'),
(138, 'Normal', NULL, '010154342434', '$2y$10$nRdu5vMxWGUG8chnnMIn4ugVDMOUK/Ezsye40cXw8ymkngkJPPNz6', 1, 1, NULL, NULL, '2020-08-04 05:24:32', '2020-08-04 15:42:41'),
(139, 'Normal', NULL, '01008364692', '$2y$10$UcMRCbYgnFniJ1KSCrQUZugQPtZgRvD5gUun1I6VJpqCLkN1sNT8S', 1, 1, NULL, NULL, '2020-08-04 06:03:50', '2020-08-05 12:53:39'),
(140, 'Normal', NULL, '01114770466', '$2y$10$LwUJHU8d9LogEXyPQq.3heY/7C9TbAp5N2MLdZLabTtcWzheRaqz6', 1, 1, NULL, NULL, '2020-08-04 08:27:40', '2020-08-04 15:43:39'),
(141, 'Normal', NULL, '01203601715', '$2y$10$9PY1ZNd1PaE5LJ5HqBnPremaSbBKYRkmRAM2iMVMy4c9qDX6OZaYW', 1, 1, NULL, NULL, '2020-08-04 09:19:29', '2020-08-04 09:19:29'),
(142, 'Normal', NULL, '01093288330', '$2y$10$JCwrnKUNOZ68wgtkk3d83.q0lQFGqanj0NsTI8Ze3M3pv.OhkXOAS', 1, 1, NULL, NULL, '2020-08-04 09:52:29', '2020-08-04 15:04:21'),
(143, 'Normal', NULL, '01065195977', '$2y$10$K1FUDuxvH6k4XpQStZG/YefiYXTh3gkZmeC5oaeehY1NOR/HN0O1i', 1, 1, NULL, NULL, '2020-08-04 10:21:17', '2020-08-04 15:34:16'),
(144, 'Normal', NULL, '01022023875', '$2y$10$hHPqhHruLFqn4KE1vqvyMejJUMSmeWRFGdbmahHQyA.Ip.Id3/Qrq', 1, 1, NULL, NULL, '2020-08-04 10:34:21', '2020-08-04 10:34:21'),
(145, 'Normal', NULL, '01288996471', '$2y$10$xSQFLe7lljmslKHSW9TtdOcqemv7BUZBC/UYAtbk7KhraOwL2s8MO', 1, 1, NULL, NULL, '2020-08-04 11:29:38', '2020-08-04 11:29:38'),
(146, 'Normal', NULL, '01013311388', '$2y$10$DvP0hwjm3XviBOWWGwyxtOqUmDJlF5ik.ZtnGm41Okq8cX9/zPkJ.', 1, 1, NULL, NULL, '2020-08-04 11:36:40', '2020-08-04 11:46:56'),
(147, 'Normal', NULL, '01149338849', '$2y$10$.Mn19qkHodiYuJ0LlVNP4uq8SeKSd11mXFSl52LrpQyLPosrzYM0m', 1, 1, NULL, NULL, '2020-08-04 11:42:52', '2020-08-04 12:27:30'),
(148, 'Normal', NULL, '01148204757', '$2y$10$OQq/wzn.C23EmiJIFhETTOiz6QY3/8EW3xniZ6DBYUe.3g4aiEf36', 1, 1, NULL, NULL, '2020-08-04 11:57:04', '2020-08-04 15:27:26'),
(149, 'Normal', NULL, '01555620136', '$2y$10$Hx2IIGwDUalU9DwCRj3.dOY0WdNxWX0wQB2t57VRZBC7Jxoft8iMS', 1, 1, NULL, NULL, '2020-08-04 12:30:44', '2020-08-05 12:54:07'),
(150, 'Normal', NULL, '01202057906', '$2y$10$RoxSdwNbE3.ZeujBzk215.e5S9Vlt/r0VwFRKoVrvwXqGWmi5EIMm', 1, 1, NULL, NULL, '2020-08-04 12:59:02', '2020-08-04 12:59:02'),
(151, 'Normal', NULL, '01554358287', '$2y$10$0NLPMx9Fim/AW.Dl0vog0.xMLRIF6pWd5aui7sCCdcIB3VpaivNTO', 1, 1, NULL, NULL, '2020-08-04 13:03:54', '2020-08-04 13:03:54'),
(152, 'Normal', NULL, '01155633548', '$2y$10$FAWa1XHxC9ZqNI5R5vE/X.1xdM4gl0SyOFYAtARHyZStE8RDvsen.', 1, 1, NULL, NULL, '2020-08-04 13:05:48', '2020-08-04 13:22:01'),
(153, 'Normal', NULL, '01113803805', '$2y$10$tQF4Isd2KZ6YgpzxFOPmZuFzH8a8l3qzFyfE2NEfHM0elU91L6mRS', 1, 1, NULL, NULL, '2020-08-04 13:21:22', '2020-08-04 15:25:14'),
(154, 'Normal', NULL, '01120402261', '$2y$10$WsmPHtt4j6cLmQWaP0LPieqJRhwKSNbuERh4ZJC62fP1azrhfMauy', 1, 1, NULL, NULL, '2020-08-04 13:30:21', '2020-08-04 13:30:21'),
(155, 'Normal', NULL, '01111975030', '$2y$10$eie5Y50hzeeu8snu2PyVtepKWirpJEGDRa6taeqHPrPoLhBYhmZb6', 1, 1, NULL, NULL, '2020-08-04 14:36:09', '2020-08-04 15:23:43'),
(156, 'Normal', NULL, '01557101012', '$2y$10$t0qm2mvMbKO5/h9TJ5kFn.hZoHHkBidk85ZFI9e76z3ykXttSJ2KG', 1, 1, NULL, NULL, '2020-08-04 14:59:14', '2020-08-04 15:31:20'),
(157, 'Normal', NULL, '01278503009', '$2y$10$yrjDrdloKflHKteadGSjtOL.qmcvQ2/NhcRKKaJPZRKXF0TiPfdti', 1, 1, NULL, NULL, '2020-08-04 15:00:53', '2020-08-04 15:09:31'),
(158, 'Normal', NULL, '01274003970', '$2y$10$kqno.dX/w4sQBUAOBHvgGeU6ZmzhhymN8WCAvZVZhKDXba/VSTebS', 1, 1, NULL, NULL, '2020-08-04 15:05:52', '2020-08-04 15:05:52'),
(159, 'Normal', NULL, '01551416140', '$2y$10$RpfYL6O2BaDYqDWorBmpr.RNptuh8.S1FR4QF9IeudkkAbnekn5xW', 1, 1, NULL, NULL, '2020-08-04 15:08:08', '2020-08-04 15:32:35'),
(160, 'Normal', NULL, '01113275418', '$2y$10$dot9KAT5p6N0PlI5QMiHX.o7YFsnxM8.X4dPhRpDKzScxtrNKcEIu', 1, 1, NULL, NULL, '2020-08-04 15:18:31', '2020-08-04 15:21:57'),
(161, 'Normal', NULL, '01221014267', '$2y$10$StjhurGPtYovDA.744XYp.GErMsdXSo55w/a.7U8GLXrkFzGer8dG', 1, 1, NULL, NULL, '2020-08-04 15:25:25', '2020-08-04 15:25:25'),
(162, 'Normal', NULL, '01212146662', '$2y$10$IieKl73pl.Lj/jxR1tOss.j37ZAi/FYaOfeg//wymSi59wzgwQdFC', 1, 1, NULL, NULL, '2020-08-04 15:26:09', '2020-08-04 15:29:43'),
(163, 'Normal', NULL, '01147948434', '$2y$10$TjaDc2lOLjx8FA8pwhfFfueFMAYSE0oNm8tBUCL90HJ.Lql6yIPCi', 1, 1, NULL, NULL, '2020-08-04 15:28:00', '2020-08-04 15:28:00'),
(164, 'Normal', NULL, '01014587646', '$2y$10$kncCrdYgZCt8ntMON1a6pez7pyDwtrwVSBGngiq5tUzXxm4sG8JFu', 1, 1, NULL, NULL, '2020-08-04 15:29:58', '2020-08-04 15:29:58'),
(165, 'Normal', NULL, '01142559920', '$2y$10$42hfEUP/vQ4ExARRS2Cg0e//NVWEkKIg3B5QkZzzpHMO9vWTvsCwW', 1, 1, NULL, NULL, '2020-08-04 15:50:12', '2020-08-04 15:53:47'),
(166, 'Normal', NULL, '01015432434', '$2y$10$Lb7nBXfMmvFwPBluxVv7EOMqWHHEyQuiDpxZelRSJys6vPDgolZ0y', 1, 1, NULL, NULL, '2020-08-04 16:10:21', '2020-08-05 12:54:55'),
(167, 'Normal', NULL, '01229286007', '$2y$10$XDJ/9e8e/2wL1ugsXZ5uU.byYyJgI8ZOjADpHxq38S14/IS48UgIW', 1, 1, NULL, NULL, '2020-08-04 16:59:10', '2020-08-04 17:19:19'),
(169, 'Normal', NULL, '01116194248', '$2y$10$gIBwH7VzX3HS0Dadd91wCO1RkQmaVG1zcibXPLGJn.gXOf.IiSAom', 1, 1, NULL, NULL, '2020-08-04 18:06:41', '2020-08-04 18:54:41'),
(170, 'Normal', NULL, '01554715886', '$2y$10$IkqySP07Z7w/HHlSy1oEVuLP.UjfKMJMA644vForUdjs2X0onTuBe', 1, 1, NULL, NULL, '2020-08-04 18:31:45', '2020-08-05 11:27:44'),
(171, 'Normal', NULL, '01116354899', '$2y$10$tQbgUwBtyRN9P6j7rmX4rOMXS0RSHru90htDXg9HEM.gFJB6mQ2Pm', 1, 1, NULL, NULL, '2020-08-04 18:41:18', '2020-08-04 18:50:41'),
(172, 'Normal', NULL, '01553616422', '$2y$10$aE9jqfkQ84MRE6hRzepHSOEhpLl.SKg0I3vE8/cgI/dC6YpQNHnJa', 1, 1, NULL, NULL, '2020-08-04 18:50:33', '2020-08-05 12:55:40'),
(173, 'Normal', NULL, '01289157899', '$2y$10$zjg0Tsp1drkO6FGraC9rnubmc91lo12COsxc97cZSqGLU/0Y9Jf5q', 1, 1, NULL, NULL, '2020-08-04 19:25:32', '2020-08-04 22:42:27'),
(174, 'Normal', NULL, '01025150218', '$2y$10$jDxHC2AIxI332CfIg9UAtufW/1i3z.wcasGsQZEwz0llAHWxtWNpm', 1, 1, NULL, NULL, '2020-08-04 19:28:40', '2020-08-04 19:28:40'),
(175, 'Normal', NULL, '01143387761', '$2y$10$9wNa4v3sAzlE25Jm9qN5ROCNgB17Vjg8V3dQFGLo2Bc3GJYLhQsbO', 1, 1, NULL, NULL, '2020-08-04 19:28:42', '2020-08-05 13:12:31'),
(176, 'Normal', NULL, '01117401470', '$2y$10$5kUS.K8iAPfwwKRodAkeP.IZuHT3UcoSrRTLitjqJdJeOZjEngrPW', 1, 1, NULL, NULL, '2020-08-04 19:32:48', '2020-08-04 22:42:43'),
(177, 'Normal', NULL, '01200101228', '$2y$10$.ePvKpAdpxsEA2687KYCSeGnfakxhf5a8EYRKK9UfIaMMPCanfi3q', 1, 1, NULL, NULL, '2020-08-04 20:31:04', '2020-08-04 20:31:04'),
(178, 'Normal', NULL, '01017673367', '$2y$10$2IOYwAeUPv7emA/z1yV4nOCoPciPqX8gyFOGUMaouJ4Dml5PHR8jG', 1, 1, NULL, NULL, '2020-08-04 20:42:15', '2020-08-05 22:49:58'),
(179, 'Normal', NULL, '01147906722', '$2y$10$O7b9.jn9exLX6Ed46IFp2ec6lUDqbMF9T4UA2imxfcTQ5hyZEDwy2', 1, 1, NULL, NULL, '2020-08-04 22:09:22', '2020-08-04 22:42:57'),
(180, 'Normal', NULL, '01100782998', '$2y$10$FzvYPtNvr41kyrb23ziDmOon91NkdhIUBEF1vPyhwM1FHqEzEfGCO', 1, 1, NULL, NULL, '2020-08-04 22:09:51', '2020-08-04 22:43:17'),
(181, 'Normal', NULL, '01061208158', '$2y$10$gyEgxMaeYYhlECHsqUz8u.qs5VDQ/oG0PRnSD.kiEvb1TSS0ANolG', 1, 1, NULL, NULL, '2020-08-04 22:51:03', '2020-08-05 00:42:49'),
(182, 'Normal', NULL, '01110386858', '$2y$10$TWv.aTelZR.FqEduzBdQIudICm4GbxbvejwsI2Bf2xdjxZ8UXE6SO', 1, 1, NULL, NULL, '2020-08-04 23:04:22', '2020-08-05 12:58:29'),
(183, 'Normal', NULL, '01096295525', '$2y$10$/8Wly6tXyFhfgNjSkuS95u3Xu4oXzu1melTBqxGDf9FfElp7woNQ2', 1, 1, NULL, NULL, '2020-08-04 23:07:15', '2020-08-04 23:07:15'),
(184, 'Normal', NULL, '01096775057', '$2y$10$dVqfRZdp5dGJEZ9l9tN5Xe6HQ7Q0tZgrznaG3ODyDb8SKLIvm0laC', 1, 1, NULL, NULL, '2020-08-04 23:16:53', '2020-08-05 00:48:57'),
(185, 'Normal', NULL, '01203768141', '$2y$10$LPvnDHj2l5Oz17I2Y84JR.QFE/HIWaZLKwwyJOgchZt/pG20zOO7e', 1, 1, NULL, NULL, '2020-08-04 23:28:13', '2020-08-05 12:59:58'),
(186, 'Normal', NULL, '01223792822', '$2y$10$rP5bYdMPXAn32TtCD/jlBeMeog/.kEl4CdC7WXCMmsBkR5A85LnOu', 1, 1, NULL, NULL, '2020-08-04 23:40:24', '2020-08-05 13:22:42'),
(187, 'Normal', NULL, '01210379275', '$2y$10$b9nawV3rX1/Ylq06OkDu.OlRTr3gWsCI19O.wZwAIgFGOxYjJzKsS', 1, 1, NULL, NULL, '2020-08-05 00:10:56', '2020-08-05 00:45:50'),
(188, 'Normal', NULL, '01150141284', '$2y$10$PqpFbQ/.ExAszPM0a.oMQeEwIG/q9WMxbbBOx5QIPYe1Y.pR5al3e', 1, 1, NULL, NULL, '2020-08-05 00:24:25', '2020-08-05 00:40:51'),
(189, 'Normal', NULL, '01006369154', '$2y$10$s61Q7Sapms0Szj5.U5n6zuPyL4.p69alsmUwdpFtlj6JbfKdIMa/S', 1, 1, NULL, NULL, '2020-08-05 01:11:00', '2020-08-05 01:25:18'),
(190, 'Normal', NULL, '01121084967', '$2y$10$cBzCLibEtJlq7jAMiTxyBuUpLhbyunCtpeCa.aD4c7HRjUcKgz6Oq', 1, 1, NULL, NULL, '2020-08-05 01:14:46', '2020-08-05 12:57:42'),
(191, 'Normal', NULL, '01062098691', '$2y$10$EZ./t/bHnx2y6D3suZha8ewlgu1d4V.rVONV8BKrrg6/b.Cid3aBG', 1, 1, NULL, NULL, '2020-08-05 06:32:54', '2020-08-05 06:32:54'),
(192, 'Normal', NULL, '01025911218', '$2y$10$2.gOOWtN2Cb9yEZA1ibEBeNotm8aEsbJFQiiazjfFvoB0cQqYHRbi', 1, 1, NULL, NULL, '2020-08-05 07:46:56', '2020-08-05 11:17:29'),
(193, 'Normal', NULL, '01111530784', '$2y$10$Ayum2B.k8bNnQYuuYsXUDupamNdKQIetGRar9nZVTKxLf/BmAEsiC', 1, 1, NULL, NULL, '2020-08-05 08:06:34', '2020-08-05 11:01:42'),
(194, 'Normal', NULL, '01221027965', '$2y$10$3MGkKWz6wUd9FZMYYrRvse1zSrLch9kwCjF4hVtrkPVVhiuZJwMlm', 1, 1, NULL, NULL, '2020-08-05 09:27:42', '2020-08-05 12:56:51'),
(195, 'Normal', NULL, '01225743069', '$2y$10$Lnw.vzBuEX88412drc2l9umXmcvb8TnJ0YwxjGx0ZpCHP2UtySyc2', 1, 1, NULL, NULL, '2020-08-05 09:39:42', '2020-08-05 11:01:22'),
(196, 'Normal', NULL, '01271194632', '$2y$10$AfmgyEI5s6kIFCzFjsMeeeQj51QK07ruqgKsSWR/wTYGGDr/qjVa.', 1, 1, NULL, NULL, '2020-08-05 12:39:51', '2020-08-05 12:58:55'),
(197, 'Normal', NULL, '01221481284', '$2y$10$dIHsMzVOBj44sfE/llkh..T.irsvquY6BVMhICiRQTYMBh3AffcBu', 1, 1, NULL, NULL, '2020-08-05 12:46:13', '2020-08-05 12:58:49'),
(198, 'Normal', NULL, '01158873993', '$2y$10$14qglLO1Si5wq8/hFh0xGOkjjYDRafN91RM5OMFba4vNNOcCnqW5S', 1, 1, NULL, NULL, '2020-08-05 13:03:47', '2020-08-05 13:03:47'),
(199, 'Normal', NULL, '01157194504', '$2y$10$taHTAEn8g2e8Xy7Bv6VS0ezgwfEHNOIhXj9Kn9TCdk4Ik4QHLLXXi', 1, 1, NULL, NULL, '2020-08-05 13:07:00', '2020-08-05 13:07:00'),
(200, 'Normal', NULL, '01004333131', '$2y$10$2opM8ryb9Tn4NktDVCe9F.vTQJ54LkStizNQBsvQ5x7iBcxFEaUNW', 1, 1, NULL, NULL, '2020-08-05 13:08:28', '2020-08-05 13:18:37'),
(201, 'Normal', NULL, '01098637492', '$2y$10$ogcDMa02AdWLYP2BD5VD9.Fx78rlYsqHs8Ru5MvHXw/I4yO77zu/C', 1, 1, NULL, NULL, '2020-08-05 13:12:00', '2020-08-05 13:56:29'),
(202, 'Normal', NULL, '01271768445', '$2y$10$3HzXb3XCDU3c2ZQc.miYC.jF1H7CRA0fSrjK5X.qSzHaHp19jLOTS', 1, 1, NULL, NULL, '2020-08-05 13:17:58', '2020-08-05 13:56:26'),
(203, 'Normal', NULL, '01550482084', '$2y$10$HJGdD3BHwVCz8F2OMdtkUe1zTwNjxCG0b85oOUbVjJxSUuOQJDIcG', 1, 1, NULL, NULL, '2020-08-05 13:19:08', '2020-08-05 13:56:31'),
(204, 'Normal', NULL, '01123180578', '$2y$10$jwp7uaEZavxP3JXwbDH4X.Oc0MqqEEmlKU2mm6kiShuDNA95HlziG', 1, 1, NULL, NULL, '2020-08-05 13:27:27', '2020-08-05 13:56:36'),
(205, 'Normal', NULL, '01019265695', '$2y$10$JQHpbOYbKpEMCe65TomZ/uOVq55fvY1oW1KV.7Bmm9wlsKhTr.DuG', 1, 1, NULL, NULL, '2020-08-05 13:35:47', '2020-08-05 13:56:21'),
(206, 'Normal', NULL, '01127816464', '$2y$10$g064xkbNg.aXxpBUl4AE/eS4voeUqIP77Q6RtdDMh0qB3YnnBt5uG', 1, 1, NULL, NULL, '2020-08-05 14:36:45', '2020-08-05 15:08:26'),
(207, 'Normal', NULL, '01020276216', '$2y$10$woMK9jfcOkURjS2XAE.mu.18WCDjUSTu4HsiLRRUdYIXgwphejXUO', 1, 1, NULL, NULL, '2020-08-05 14:57:34', '2020-08-05 15:30:29'),
(208, 'Normal', NULL, '111111111111', '$2y$10$xo68io1.kwBuZsf2Rkj.CuFP6bwoMARfP0vyHoJw//Hv6RmvdqImG', 1, 1, NULL, NULL, '2020-08-05 15:35:45', '2020-08-05 17:39:52'),
(209, 'Normal', NULL, '01274100508', '$2y$10$Jir/PnT/H3YkE.YGN5DjH.F5w9kfTR5ns0O2r3DefRUx9lIzdEF7y', 1, 1, NULL, NULL, '2020-08-05 16:33:10', '2020-08-05 16:33:10'),
(210, 'Normal', NULL, '01274100509', '$2y$10$cibo6eQbZPY5xDS769IA/eSTmQv2dYsyRkhZFgIXw8fVBlt8uqRc6', 1, 1, NULL, NULL, '2020-08-05 16:44:46', '2020-08-05 16:44:46'),
(211, 'Normal', NULL, '01274100501', '$2y$10$iWqyyJiVph0Znr59AawTnOhJ66jpxRBbFcikkhCZPtn1socr/9A.u', 1, 1, NULL, NULL, '2020-08-05 16:50:29', '2020-08-05 16:50:29'),
(212, 'Normal', NULL, '01224848540', '$2y$10$unTkCb8bsIzHzmoDKVz3AugR8Lli9qY49fCUKDZwwPJbw7IF9o7PO', 1, 1, NULL, NULL, '2020-08-05 16:57:54', '2020-08-05 19:16:02'),
(213, 'Normal', NULL, '01112858003', '$2y$10$U/Ke0pyffL4fDIQKF5vQcuZ7xeAAl9nTR5h3VADuQ3g/dI.Jk9ZBa', 1, 1, NULL, NULL, '2020-08-05 17:17:12', '2020-08-05 17:41:42'),
(214, 'Normal', NULL, '٠١١١٦٥٢١٩٢٨', '$2y$10$U/UGveYcBitSTjc6MA3COuKXLfsoXGm1E.IJ3.O94jYcpeVTg2h7.', 1, 1, NULL, NULL, '2020-08-05 17:19:43', '2020-08-05 17:39:38'),
(215, 'Normal', NULL, '01064648979', '$2y$10$XrE1F717GyFMKkotQOJCIeLwy0ZsW6gJTCmPRPd.vaLxa7BtS2eYm', 1, 1, NULL, NULL, '2020-08-05 17:27:06', '2020-08-05 17:27:06'),
(216, 'Normal', NULL, '01060295823', '$2y$10$V3th8FJiUdEhGSV55r3po.yLcDpV4QLzJO1ytwsqS65wywH1sG0ui', 1, 1, NULL, NULL, '2020-08-05 18:12:07', '2020-08-05 18:18:04'),
(217, 'Normal', NULL, '01159886748', '$2y$10$2yyjMwr.W7/3cTc3En1PzOUap6nKm.VWaSLtohSubdSnQLsfSWtMu', 1, 1, NULL, NULL, '2020-08-05 18:14:39', '2020-08-05 18:14:39'),
(218, 'Normal', NULL, '01276337787', '$2y$10$Q3og4bSoPRs6XR3Xs1OYJuDspRjIXhCsSPiDDspUZZT7lypjParZq', 1, 1, NULL, NULL, '2020-08-05 18:21:33', '2020-08-05 18:28:25'),
(219, 'Normal', NULL, '01273077750', '$2y$10$2k57ftq4FJRS8kqvSoXnJOSlQStIlIxSezTk6.etaLa/.vdjWSTMu', 1, 1, NULL, NULL, '2020-08-05 18:25:05', '2020-08-05 18:27:58'),
(220, 'Normal', NULL, '01064650373', '$2y$10$cfPEtsD51Oz.c3SARxdxEetKQi6uBnE4gIelVwOUiVQ7NWUtCHAt.', 1, 1, NULL, NULL, '2020-08-05 18:43:34', '2020-08-05 19:12:04'),
(221, 'Normal', NULL, '01147829544', '$2y$10$/PurFMWPeWHh.LDGgK4H4.8kwtup7YQe7WaJONTZK6y4VIVRQYsna', 1, 1, NULL, NULL, '2020-08-05 18:47:41', '2020-08-05 19:12:31'),
(222, 'Normal', NULL, '01062230175', '$2y$10$2RJKahkLLBx5XMe6UmN3/uJOARpa0Dlll3OMbie2lU7KKy8ppC7ge', 1, 1, NULL, NULL, '2020-08-05 18:49:13', '2020-08-05 19:14:42'),
(223, 'Normal', NULL, '01208260703', '$2y$10$7FRgu1o9sODIBviEVLAvWO7SNtVuX6RFSwQDL9KkFVTTOsgs53Q3e', 1, 1, NULL, NULL, '2020-08-05 18:50:51', '2020-08-05 19:15:25'),
(224, 'Normal', NULL, '01287762252', '$2y$10$w5UMNaOHfjKhrwlm69U0sOTjp/Jd5YJyMenQiq.E7spKE0k8n8Vn.', 1, 1, NULL, NULL, '2020-08-05 19:31:09', '2020-08-05 21:32:44'),
(225, 'Normal', NULL, '01552204399', '$2y$10$Yy.j6Zu5YPqP4gWSE.BKResXxxkAxhUVSTCMtTCmnGnh698pt0.6i', 1, 1, NULL, NULL, '2020-08-05 19:31:42', '2020-08-05 21:47:05'),
(226, 'Normal', NULL, '01060361505', '$2y$10$8CLspxk6L2yJ6G8ae1J3RusSuok3CJUgulDIka9ALMy1134jYiewi', 1, 1, NULL, NULL, '2020-08-05 20:03:44', '2020-08-05 21:32:02'),
(227, 'Normal', NULL, '01150065792', '$2y$10$bobFgC3E.rlDSNiS21cM4./P/h1lW5g/KvV51vtpOnn1rYIw3i85i', 1, 1, NULL, NULL, '2020-08-05 20:42:00', '2020-08-05 21:30:51'),
(228, 'Normal', NULL, '01156332542', '$2y$10$Tqy4BdETJzOVd8qHU6yDnOWR8t7eeBL8KMx/C9Y3npdFCjJkt9j7W', 1, 1, NULL, NULL, '2020-08-05 20:51:05', '2020-08-05 20:51:05'),
(229, 'Normal', NULL, '01145740514', '$2y$10$ARbZJpJ9yqtM4r5fV/cGsuPfVyFkSxuz98EbSENR4hMY/ah/WZkVO', 1, 1, NULL, NULL, '2020-08-05 20:57:16', '2020-08-05 21:30:13'),
(230, 'Normal', NULL, '01113252884', '$2y$10$FhQI548uUKgmyI9XPeTMxeWAGl7JqpOy.XLTFmNZnQCjR3XvIhtPm', 1, 1, NULL, NULL, '2020-08-05 21:48:32', '2020-08-05 21:57:39'),
(231, 'Normal', NULL, '01126625398', '$2y$10$8M2lHX3Eoc3fmoDr5Dd8xuDVWIVaEJRI2Ep3Ik.YijbNABGI0z7YW', 1, 1, NULL, NULL, '2020-08-05 22:00:56', '2020-08-05 22:00:56'),
(232, 'Normal', NULL, '01140560332', '$2y$10$6My4WdcA/EcJUoJqZmHNX.1u5HjogkaywXDXMByXToR55imdeLzvm', 1, 1, NULL, NULL, '2020-08-05 22:12:28', '2020-08-05 22:15:40'),
(233, 'Normal', NULL, '01118194391', '$2y$10$0DD8t36bfVU7idG.7noewO.worwLKKLuWxJVgE4dQw.4XSlH3W/Hq', 1, 1, NULL, NULL, '2020-08-05 22:25:11', '2020-08-05 22:53:50'),
(234, 'Normal', NULL, '01225396729', '$2y$10$KyxWNheAQlE4BB1XO9b1leKIGnVst0eceV3kRxA0LhJmOcKF6akui', 1, 1, NULL, NULL, '2020-08-05 22:25:18', '2020-08-05 22:28:51'),
(235, 'Normal', NULL, '01113257889', '$2y$10$d32bwqIyFtfCCWbqm4pa2OKbCjHQSa9sKrmkYZuSOzZS9lNB2ZrFe', 1, 1, NULL, NULL, '2020-08-05 22:26:13', '2020-08-05 22:29:55'),
(236, 'Normal', NULL, '01013690551', '$2y$10$HT4tTD4PbVQBG63hePwdL.mcnDKoHp4MWPuHcP0zalKJV.fgkHCKK', 1, 1, NULL, NULL, '2020-08-05 22:30:19', '2020-08-05 22:30:19'),
(237, 'Normal', NULL, '01229680320', '$2y$10$4WSlPTdoNEn4ucqxBeIWhes85RKgklCfza3Qyoa7sqIPyKIs0APjS', 1, 1, NULL, NULL, '2020-08-05 22:45:24', '2020-08-05 23:14:10'),
(238, 'Normal', NULL, '01060112661', '$2y$10$0CGf/ztWyDXp3LRzPaoZhux.Z.sCaPLdn4k.ChlQpuZGQg62TU2Te', 1, 1, NULL, NULL, '2020-08-05 22:46:58', '2020-08-05 22:46:58'),
(239, 'Normal', NULL, '01095053947', '$2y$10$j1C5ct1q0.rz4YKy/Iixb.2C2tioDmRd2VvO0COYWcW.im67o3Z/O', 1, 1, NULL, NULL, '2020-08-05 22:47:34', '2020-08-05 22:56:00'),
(240, 'Normal', NULL, '01211065834', '$2y$10$uGAc/54hP3.xnQSXOSWKxOlIKHcu5HZsUeVvyRuPPUFAHIblS532m', 1, 1, NULL, NULL, '2020-08-05 22:53:55', '2020-08-05 23:19:44'),
(241, 'Normal', NULL, '01157666719', '$2y$10$hwkTc7yGFuOxAtH7ZMhvs..HhVqZwbEM8TUR4aXl4MTdSBh.oHXrG', 1, 1, NULL, NULL, '2020-08-05 22:55:15', '2020-08-05 23:11:51'),
(242, 'Normal', NULL, '01227243155', '$2y$10$Q55DP1nOM/OI9f6cCeSpVOHUoRAg8rTUK1zwzt58/4xkClKKtmxV6', 1, 1, NULL, NULL, '2020-08-05 23:04:52', '2020-08-05 23:04:52'),
(243, 'Normal', NULL, '01097178211', '$2y$10$Suc2zrkPzH01SV9EiEjSNORsfo/gM54jYf1Op2QOBoytATKJ8jnim', 1, 1, NULL, NULL, '2020-08-05 23:27:42', '2020-08-06 02:56:19'),
(244, 'Normal', NULL, '01110015745', '$2y$10$o9.VKZywpzfhHyhhitbUo.8pJ232deRTC0NwgGFPU5lqzLS04cudy', 1, 1, NULL, NULL, '2020-08-05 23:31:12', '2020-08-06 02:56:24'),
(245, 'Normal', NULL, '01000737650', '$2y$10$Bv8xnMZYLpC4PWVBa3hhzu8.YSiG6J9M8kBWLUMMZHpyxH26N34Oe', 1, 1, NULL, NULL, '2020-08-05 23:33:26', '2020-08-06 02:56:29'),
(246, 'Normal', NULL, '01011092686', '$2y$10$ob/3G4OeD7po1uSuwAD0l.SV78MQ8sHaDIaDSdUJpDoy.6vnjTjge', 1, 1, NULL, NULL, '2020-08-06 09:57:13', '2020-08-06 14:48:25'),
(247, 'Normal', NULL, '01211586850', '$2y$10$w/IqiFYH..sDZDmk.h6IseYI8bm/2CXFZyVTqBzkrcqqzI3HBUM82', 1, 1, NULL, NULL, '2020-08-06 14:29:20', '2020-08-06 14:29:20'),
(248, 'Normal', NULL, '01002168788', '$2y$10$MAydsY6H7nvMY3X3Lb.eeeEV9SYMf7RQbgRCQcm0NWM/pAEqn7CIm', 1, 1, NULL, NULL, '2020-08-06 16:50:27', '2020-10-24 20:41:10'),
(249, 'Normal', NULL, '01033792949', '$2y$10$GdS9Jm8vc3k/ZxHfNwpGre45if0YdiOjbZetTq0K3DsozpUodjEWu', 1, 0, NULL, NULL, '2020-08-06 17:02:10', '2020-10-24 17:37:43'),
(250, 'Normal', NULL, '01000595966', '$2y$10$BYB1KIbyjMzyyMMwN9cXIOP7ZF.Z3XhB1wLC33W7ockKDSbNp53o6', 1, 0, NULL, NULL, '2020-08-06 17:07:50', '2020-10-24 17:35:35'),
(251, 'Normal', NULL, '01227140221', '$2y$10$tm2mISmmad3wSYGX8xY08.hkwGAvldoQ7IDmpEDYaxZ/Aht/3BfOa', 0, 0, NULL, NULL, '2020-08-08 15:30:04', '2020-08-08 15:30:04'),
(252, 'Normal', NULL, '01117401479', '$2y$10$fpaN4FuOYW0C6WIiBfpLv.ktdl3nSFzcCQnZTSMQ8FjeCtH7hHmDK', 1, 0, NULL, NULL, '2020-08-09 13:11:15', '2020-10-24 17:35:46'),
(253, 'Normal', NULL, '01022489868', '$2y$10$QSAq8YDtOYbaVlPF0utKeeS671jtaBEjKYsG2hFO6eE/5mbB0GKdi', 0, 0, NULL, NULL, '2020-08-10 07:57:48', '2020-08-10 07:57:48'),
(254, 'Normal', NULL, '01222825041', '$2y$10$UqJd0k8o/eonS/6ztHM59emtJeyZXY2H93zh3oqdAT2zVItH.Vzh6', 1, 0, NULL, NULL, '2020-08-14 15:14:35', '2020-10-24 17:37:09'),
(255, 'Normal', NULL, '01142514880', '$2y$10$mB7GkKbFhfmyGlWoINbR6O4s3oYhhoYfJlAIltrT8N1l0EXqdHHde', 1, 0, NULL, NULL, '2020-10-24 11:21:31', '2020-10-24 17:37:28'),
(256, 'Normal', NULL, '123789456', '$2y$10$x8Y.5s0ervKRQa4K0b6tDuPNjVkFKKqHM9zgi6BU6qN0mC29oiw2C', 1, 1, NULL, NULL, '2020-10-24 11:44:28', '2020-10-24 19:56:51'),
(257, 'Normal', NULL, '01140384357', '$2y$10$yHSoIu0RJsLP1LUl4JHhxuUxCUUjYCRG6mBUrEZNF5zXTkRJmAXPy', 0, 0, NULL, NULL, '2020-10-24 13:32:50', '2020-10-24 13:32:50'),
(258, 'Normal', NULL, '01143796739', '$2y$10$HPnwpawgFbzwUjIhiJBp3eCcHxDaSGS9NNLuV10meEtRnSUQUiNWq', 1, 0, NULL, NULL, '2020-10-24 13:33:22', '2020-10-24 17:35:54'),
(259, 'Normal', NULL, '01225499252', '$2y$10$pMIIBrOrOpR9XGbREndEK.tlh6M/xA1CwXQvTEVmZ0.Ioj2IU1Q4e', 0, 0, NULL, NULL, '2020-10-24 13:33:40', '2020-10-24 13:33:40'),
(260, 'Normal', NULL, '01142696942', '$2y$10$1Kk/Y4/gVznKtT16R9gAa.klIKb9aOSzHwKUOebm5t/yzEBS235ue', 1, 0, NULL, NULL, '2020-10-24 13:33:53', '2020-10-24 17:37:54'),
(261, 'Normal', NULL, '01017252630', '$2y$10$CnllTESfhWvpfidxrhsqgeQVsYM623bFHcdGUjpR/r/hWHwAc7DJa', 1, 1, NULL, NULL, '2020-10-24 13:35:12', '2020-10-24 21:05:21'),
(262, 'Normal', NULL, '01032514211', '$2y$10$TrIkcz92Ppujh33X3Nm4zOLrBauOitWAGvrHs0kLooXT2dw8GhXCe', 1, 0, NULL, NULL, '2020-10-24 13:35:27', '2020-10-24 14:01:32'),
(263, 'Normal', NULL, '01112105463', '$2y$10$DYwrZJhxrEn4vB5PFgiI/OiKX7Sz2LKcIAFrsXeF3e2IAEh8kp6kG', 0, 0, NULL, NULL, '2020-10-24 13:36:41', '2020-10-24 13:36:41'),
(264, 'Normal', NULL, '01010626347', '$2y$10$31SqMrh/v5f3UYG54v1Il.a7dxbyfr.g3hKHRjIb71nopmjgupApK', 0, 0, NULL, NULL, '2020-10-24 13:36:48', '2020-10-24 13:36:48'),
(265, 'Normal', NULL, '01226342561', '$2y$10$.3zHiZyk6Fj3kxnvkToMFugnBoSGB2L0ICKgesf8NH39Sug9bskam', 0, 0, NULL, NULL, '2020-10-24 13:37:01', '2020-10-24 13:37:01'),
(266, 'Normal', NULL, '01113058889', '$2y$10$FL5P7i3OQUCWz6zqdZ7DhOh4SGv9uHohYlTIfSGsUQyY3D9RK7xvi', 0, 0, NULL, NULL, '2020-10-24 13:37:33', '2020-10-24 13:37:33'),
(267, 'Normal', NULL, '01551183486', '$2y$10$DTIJPXzANI0HO.MxicBK2.zLZU6XWLJ4fBbnSRCQ.uW97E6zASIzy', 1, 0, NULL, NULL, '2020-10-24 13:38:01', '2020-10-24 17:33:32'),
(268, 'Normal', NULL, '01143666386', '$2y$10$pzIA6gGuxzTjtqNLpxgY0OvDVg2GimN8Dt1OEborZKfEixYNIL1Cm', 0, 0, NULL, NULL, '2020-10-24 13:39:54', '2020-10-24 13:39:54'),
(269, 'Normal', NULL, '01155959694', '$2y$10$z47LMjc8ckTOB27RW6ywIus6BOKeZuEZmLVvZisSprVT/1IHUrXh6', 1, 1, NULL, NULL, '2020-10-24 13:41:44', '2020-10-24 21:17:22'),
(270, 'Normal', NULL, '01125211172', '$2y$10$X/441IhHJZyN9J/8WEkjBOxRTgqJ39FoLT./6dsw52IK2uDRPnrTK', 0, 0, NULL, NULL, '2020-10-24 13:43:47', '2020-10-24 13:43:47'),
(271, 'Normal', NULL, '01280050954', '$2y$10$z8r8lx21/zIPD5noREYZiuBpCTv6ouMZcYIJoU4SNRds1lyfsxFIa', 1, 0, NULL, NULL, '2020-10-24 13:44:02', '2020-10-24 17:35:24'),
(272, 'Normal', NULL, '01128380449', '$2y$10$0dyBqvPo8wBolg26hGtIh.ptICYzbj0OP.yEhZ/F5dUf56gzSNdo2', 0, 0, NULL, NULL, '2020-10-24 13:50:18', '2020-10-24 13:50:18'),
(273, 'Normal', NULL, '01147302894', '$2y$10$V.PUYWUgyI9b.LEcYm0/Y.AErNFJk7AhNV/BauhlJPdM/BjXJuFWu', 1, 0, NULL, NULL, '2020-10-24 13:50:57', '2020-10-24 14:00:33'),
(274, 'Normal', NULL, '01275220784', '$2y$10$mtLkOJWKSYiZ6VYsoaXoueEYrBtjgbgcSBcvkKyDvb2Sl5GWgmO56', 0, 0, NULL, NULL, '2020-10-24 13:52:57', '2020-10-24 13:52:57'),
(275, 'Normal', NULL, '01207269442', '$2y$10$W3IF5x6zhwjnCb0sIC2JkeMOIsKl29sYh1l.BLEII1NmAdVkYa.nq', 1, 0, NULL, NULL, '2020-10-24 13:59:44', '2020-10-24 17:36:03'),
(276, 'Normal', NULL, '01060594947', '$2y$10$02hjwF2PZkzMMwweYSF8qenvnYdVKRhgEugLEs7x9jCx5Iz7aVk/u', 1, 0, NULL, NULL, '2020-10-24 14:07:43', '2020-10-24 17:38:00'),
(277, 'Normal', NULL, '01123790593', '$2y$10$sCAU4sL2MsTRtozDuycB7OYR/YGBjIQQi3WT1pITJSP0GpYimci4W', 1, 0, NULL, NULL, '2020-10-24 14:18:30', '2020-10-24 17:38:10'),
(278, 'Normal', NULL, '0113252884', '$2y$10$DuC.JWl7MSSIMdomzP6bR.2jFPewQOvcUzXjnOhL0wPqU.PfL0MtG', 1, 0, NULL, NULL, '2020-10-24 14:35:21', '2020-10-24 17:37:17'),
(279, 'Normal', NULL, '01211195385', '$2y$10$zzUthmnDtYuPRbfqt5FquevpBjqvb656OZo8CqnrE1HbSmrOHVb7q', 1, 0, NULL, NULL, '2020-10-24 15:02:49', '2020-10-24 17:38:17'),
(280, 'Normal', NULL, '01282528906', '$2y$10$HksUqK9o3u1xunUKw0MGKO7y6RvRfx8bIlec7eBy4vF72LoW/qTwe', 1, 1, NULL, NULL, '2020-10-24 15:07:43', '2020-10-25 06:08:38'),
(281, 'Normal', NULL, '01228604637', '$2y$10$.LTQGG0hbjWUHB1sBCVkWuLKw0gVhyYm22qV75WpqnMMSxNRfdW/.', 0, 0, NULL, NULL, '2020-10-24 15:10:56', '2020-10-24 15:10:56'),
(282, 'Normal', NULL, '01111942314', '$2y$10$dRbADD/YnnT7Lsg.OPVBLe8zh7qK1xTiCCEPQCkWsXBgWnnM4Kqwu', 1, 0, NULL, NULL, '2020-10-24 15:11:21', '2020-10-24 17:39:08'),
(283, 'Normal', NULL, '01140010212', '$2y$10$nQ85sl4EUNIgydxjn7yJ1e0af697hTPFKnGVfAijY6G8jRB9gq.wa', 1, 0, NULL, NULL, '2020-10-24 15:12:23', '2020-10-24 20:09:01'),
(284, 'Normal', NULL, '01204944724', '$2y$10$Ny.pTDgisZ2ubXriJhkzSeadjix0UvVQ.mEwFFb7Bid/6xoYJI1Qi', 1, 1, NULL, NULL, '2020-10-24 15:14:45', '2020-10-25 06:09:42'),
(285, 'Normal', NULL, '01208700336', '$2y$10$q44HRg184oXyQxCwmkukLe/oUqeifq8oRL7IvP0qe2KG6213ykeXS', 0, 0, NULL, NULL, '2020-10-24 15:15:28', '2020-10-24 15:15:28'),
(286, 'Normal', NULL, '01271269735', '$2y$10$K9toWUr0lFCeTDOGQsXSAeWsmBMdv8Jw788.0i1YRc/VjQBXMccBq', 0, 0, NULL, NULL, '2020-10-24 15:16:24', '2020-10-24 15:16:24'),
(287, 'Normal', NULL, '01140771365', '$2y$10$OuJ2lCWghwDVClSMjJsN3uv6adEEoacG/7jXkKTCzsKXubGflsfU6', 1, 0, NULL, NULL, '2020-10-24 15:17:16', '2020-10-24 20:16:26'),
(288, 'Normal', NULL, '01142868699', '$2y$10$VMehqkc0kYKc7vSF.YJLLegqq.vXP83oqiQVLGXNWoSEFOBrMrK1y', 0, 0, NULL, NULL, '2020-10-24 15:18:03', '2020-10-24 15:18:03'),
(289, 'Normal', NULL, '01203506433', '$2y$10$Vp581VAU.kFEJcjvUWfQ4O3UITLBbOtR4oLOyAjCWNiaD8D8/hi9q', 1, 1, NULL, NULL, '2020-10-24 15:19:53', '2020-10-25 06:05:21'),
(290, 'Normal', NULL, '01140158987', '$2y$10$wWmK02/vI3BqS2uZVX61suPAnl5jYRkSSYWb98r4JFAgjHZQCrj7a', 1, 1, NULL, NULL, '2020-10-24 15:20:52', '2020-10-24 21:11:14'),
(291, 'Normal', NULL, '01091701581', '$2y$10$a/FOuKr/MWHarYY.93LULOztqjtTbk.g2jVYyV8s8oaNLX2vJLsp.', 1, 0, NULL, NULL, '2020-10-24 15:21:33', '2020-10-24 20:11:10'),
(292, 'Normal', NULL, '01551687310', '$2y$10$H.Zx52KMt4121I6nu45HfewOXOtyXZhhWTjJuOWLCLsTAnc6U73ym', 0, 0, NULL, NULL, '2020-10-24 15:22:05', '2020-10-24 15:22:05'),
(293, 'Normal', NULL, '01065373615', '$2y$10$4ideBW5/L./33efJwnQGDuAIKt2w05Zd1hC9.uajYyQN/RK4FdNPu', 0, 0, NULL, NULL, '2020-10-24 15:22:56', '2020-10-24 15:22:56'),
(294, 'Normal', NULL, '01228813072', '$2y$10$y.PEGkO7AQ.jzlIhdAT9MORFP5HCm1YIUTpPyBPz6rsfITMgLQ3KC', 1, 0, NULL, NULL, '2020-10-24 15:25:33', '2020-10-24 20:12:19'),
(295, 'Normal', NULL, '01155976311', '$2y$10$VCk60EafmDCePkxN08TR.eDCvcVCqTU0cLLYVfmptGEx6VUfooeGe', 1, 0, NULL, NULL, '2020-10-24 15:29:48', '2020-10-24 20:09:54'),
(296, 'Normal', NULL, '01064684081', '$2y$10$taf8jsYL7WCedS67MGh.lObK7TAZWqacUZ3zWEyjCN8udKuuiC.yK', 0, 0, NULL, NULL, '2020-10-24 15:33:32', '2020-10-24 15:33:32'),
(297, 'Normal', NULL, '01154357703', '$2y$10$Yx02WeldiNj2gVSJ9NlUwuJgxsLJu2Ke6sr6e4V/fz1.Lw41FcpDG', 1, 0, NULL, NULL, '2020-10-24 15:34:27', '2020-10-24 20:10:16'),
(298, 'Normal', NULL, '01127522103', '$2y$10$MG01LO4/k.GNBjfpNs313.a.eOQa0xh.dnDw8RVwv9taUjx2XXIt2', 1, 0, NULL, NULL, '2020-10-24 15:37:43', '2020-10-24 20:08:48'),
(299, 'Normal', NULL, '01223479742', '$2y$10$GbG7uuFSYbw05Rec6S6lBenR5FplreyJ9/VdrngUSrTjylANj7lzK', 1, 1, NULL, NULL, '2020-10-24 15:46:40', '2020-10-24 21:13:57'),
(300, 'Normal', NULL, '01557613433', '$2y$10$FImI.3i.PqSkQd2Xf4JDEuhzvzMnhe24YV7b8CWTBA0C9pExIvHfO', 0, 0, NULL, NULL, '2020-10-24 15:55:51', '2020-10-24 15:55:51'),
(301, 'Normal', NULL, '01279349049', '$2y$10$s0paiQUUUI3J1rDVWGHvb.d1vBpAM7lKFa0nnU7VBqaVaPnlLjtRy', 1, 1, NULL, NULL, '2020-10-24 15:57:15', '2020-10-24 20:07:59'),
(302, 'Normal', NULL, '01011167268', '$2y$10$LZ/zefiVDx5YwoFpU3lpaObWE4is0nrNzKnTJscxicsgk4Fc73H4W', 1, 0, NULL, NULL, '2020-10-24 16:01:15', '2020-10-24 20:10:26'),
(303, 'Normal', NULL, '01030952576', '$2y$10$.mgqIn7drbzBq9wyyAsMNOTE41YqPcMEwK/dYbNL9bZByrONALDx2', 1, 1, NULL, NULL, '2020-10-24 16:02:03', '2020-10-24 20:05:43'),
(304, 'Normal', NULL, '01289138947', '$2y$10$LRcQKNH.oKaxaLn4dfnQQOPVMOHbCN/KUK5In7Vvc2PnXcXZ3MeOa', 0, 0, NULL, NULL, '2020-10-24 16:41:02', '2020-10-24 16:41:02'),
(305, 'Normal', NULL, '01013782350', '$2y$10$b33qZvvT3DVTqaOO4iY99.Bzdn6glzTVBIh4PecM4Xc.I1uXNjbz2', 1, 0, NULL, NULL, '2020-10-24 16:54:35', '2020-10-24 20:12:27'),
(306, 'Normal', NULL, '01004831730', '$2y$10$M838uYqOahDuQRYtQcnD1ubU4ghnNEDUV7RmaY1yfFrIGd6MB8Wp.', 1, 0, NULL, NULL, '2020-10-24 17:08:42', '2020-10-24 20:11:02'),
(307, 'Normal', NULL, '01210199093', '$2y$10$Su6Xc6eUcMFQkmYEpmv5w.fhB9RNsceTHh6wGD9QI2mvAJWbH/ZrG', 1, 0, NULL, NULL, '2020-10-24 17:11:10', '2020-10-24 17:34:31'),
(308, 'Normal', NULL, '01201843989', '$2y$10$N9zzhKHxjE3xo/rWnGcd0.yDCB9QxSk0fKsdXz/dnBHXKFMwsqiVS', 1, 0, NULL, NULL, '2020-10-24 17:11:16', '2020-10-24 17:34:16'),
(309, 'Normal', NULL, '01280457572', '$2y$10$sWhObIU599X9m.C9opL19OwJRLLsk1hvKxBLBMfIVxBAxR/Xr4E6e', 1, 0, NULL, NULL, '2020-10-24 17:11:24', '2020-10-24 17:34:55'),
(310, 'Normal', NULL, '01019550202', '$2y$10$s09dlpNX6nfy.tsE0RZCy.LYv8AtcpSWnvsY/8h7RWWhHFKigxal.', 1, 1, NULL, NULL, '2020-10-24 17:11:43', '2020-10-24 21:12:56'),
(311, 'Normal', NULL, '01125752201', '$2y$10$3UnQNy266BGqqWxex.bRwOhRTJn8LC8ElKPQDuMeloHKAI8lWJaRa', 1, 0, NULL, NULL, '2020-10-24 17:12:45', '2020-10-24 17:33:47'),
(312, 'Normal', NULL, '01116641759', '$2y$10$7SGH4/R6iRbUz2e3HKe6WezEMf7eTDJxQcSySPJ6Lskvxp.Lgr.4C', 0, 0, NULL, NULL, '2020-10-24 17:13:35', '2020-10-24 17:13:35'),
(313, 'Normal', NULL, '01279260986', '$2y$10$4Iycfkt88hA7YX6fi00gKue3gh35GglWiw7qazNlIMRz7ohCAPzky', 1, 0, NULL, NULL, '2020-10-24 17:14:28', '2020-10-24 17:34:02'),
(314, 'Normal', NULL, '01114193435', '$2y$10$DIAHQCjvye9qfqWQqCv0yuIE5Ee8dLuDO9UMdIET.kiwSZtyjDhzC', 1, 1, NULL, NULL, '2020-10-24 17:17:15', '2020-10-24 21:15:49'),
(315, 'Normal', NULL, '01228192695', '$2y$10$TFS.BVKTPug4kh0mMtef0erD0hk7T.hmlF0GxPJsba2XfnjsJxGSm', 1, 1, NULL, NULL, '2020-10-24 17:17:45', '2020-10-24 17:25:22'),
(316, 'Normal', NULL, '01069461770', '$2y$10$WlgLWPBctOFnzTESOQmkZumxOKIqQJNHVDTHBRT5JQxbNHC1p0zxa', 0, 0, NULL, NULL, '2020-10-24 17:18:11', '2020-10-24 17:18:11'),
(317, 'Normal', NULL, '01208082203', '$2y$10$4c54K1X9fOMU0yiELUGW3e6//TQhb1qG2rzuYqae80aN6YyUHHvt6', 0, 0, NULL, NULL, '2020-10-24 17:36:22', '2020-10-24 17:36:22'),
(318, 'Normal', NULL, '011544669959', '$2y$10$jX47EXq4S0kOEJuwRHxlJOp0yCDm0zb7DWeClDmdxKqJLDJGjN7ey', 1, 1, NULL, NULL, '2020-10-24 17:42:50', '2020-10-25 15:54:51'),
(319, 'Normal', NULL, '01015276867', '$2y$10$LFIUYU4qTTHwQrSKMtqEyOUJ/etObJZcbwLxCi8a1okrAJMnUbb9W', 1, 0, NULL, NULL, '2020-10-24 17:58:11', '2020-10-24 20:12:09');
INSERT INTO `users` (`id`, `role`, `email`, `mobile`, `password`, `is_active`, `is_subscribed`, `email_verified_at`, `remember_token`, `created_at`, `updated_at`) VALUES
(320, 'Normal', NULL, '01118275121', '$2y$10$UtLNcFBzSwTOArSJfhpaB.7eVCVqxnsoortwoxHk4lT7gV2sB4paq', 1, 0, NULL, NULL, '2020-10-24 18:25:18', '2020-10-24 20:10:47'),
(321, 'Normal', NULL, '01005863169', '$2y$10$aPogWgDhcjpvv173Xliv9ef15bzoESIUjlQ3OVRmY8.dTUuESkQAa', 1, 0, NULL, NULL, '2020-10-24 18:28:39', '2020-10-24 20:11:58'),
(322, 'Normal', NULL, '01001492781', '$2y$10$FTKs5KjLNxK3mQBWvtb70./ie5OWi7O4HhtiLkFhFyC5yPhelnHBy', 1, 1, NULL, NULL, '2020-10-24 18:33:49', '2020-10-25 06:04:27'),
(323, 'Normal', NULL, '01124010279', '$2y$10$8C/XfNrW82DwcHZ5rwLtGuafHpud8YYXYAEb9sRsQVPB2KBo.qNjq', 1, 1, NULL, NULL, '2020-10-24 18:47:08', '2020-10-26 14:15:18'),
(324, 'Normal', NULL, '01032845624', '$2y$10$BNolLMv86WSbW23jBvHyd.8fdeVyOxY/n.7UvDdyoILp0mn4rpCs6', 1, 1, NULL, NULL, '2020-10-24 18:50:28', '2020-10-25 06:06:36'),
(325, 'Normal', NULL, '01067617284', '$2y$10$aHXDn9Zbf7YT8QSO/YPz/eyCNx0dHRHYJ6fRAAl9XyN43i/2H5F82', 1, 0, NULL, NULL, '2020-10-24 18:53:31', '2020-10-24 20:11:45'),
(326, 'Normal', NULL, '01028928557', '$2y$10$vgo4hxgBzPH/B6OD/KVdbu6zdet7fMjtvAINuGweOzAKVX5UHo6aK', 1, 1, NULL, NULL, '2020-10-24 19:06:58', '2020-10-25 15:32:19'),
(327, 'Normal', NULL, '01144114184', '$2y$10$O6Bi2pxxG7LbfMdfbCgGkeoDJd7D2ChBsJtshP.2XDcrQpZ4qiXC2', 1, 1, NULL, NULL, '2020-10-24 19:08:10', '2020-10-25 06:01:23'),
(328, 'Normal', NULL, '01014838089', '$2y$10$BbUChRX0IG3cvutCCaNAO.dQE264qEP5WIdhqckhO5ZuJA2prVji2', 1, 0, NULL, NULL, '2020-10-24 19:10:18', '2020-10-24 20:36:30'),
(329, 'Normal', NULL, '01067745501', '$2y$10$5PozFfiX4bmXD/sz59Fr9eMM0e4F9YpY5YlwaFOdzj0DRsiDfqO.O', 0, 0, NULL, NULL, '2020-10-24 19:13:33', '2020-10-24 19:13:33'),
(330, 'Normal', NULL, '01117084340', '$2y$10$knjNozS5dlQRUV2GjxUed.OxdsMsrGERu8.IqzybktVEQ38wmjHQS', 1, 1, NULL, NULL, '2020-10-24 19:15:25', '2020-10-25 05:58:09'),
(331, 'Normal', NULL, '01201940371', '$2y$10$kBEurittXXv49fGiu7R9ue7AJjcRLKfSfyjHsho8KjJ5nTlGffaJ2', 1, 0, NULL, NULL, '2020-10-24 19:17:49', '2020-10-24 20:37:30'),
(332, 'Normal', NULL, '01286247366', '$2y$10$hPUbjGm42Vzwbs3/31rZ3.HxgvXrkYXhYjU2LhF/AkNYjMGwbGFZ6', 1, 1, NULL, NULL, '2020-10-24 19:20:20', '2020-10-25 06:00:14'),
(333, 'Normal', NULL, '01159652040', '$2y$10$PEhyxsV2CSVtkVxFhKdM3u68GgIcPitkeU6BVq7ltavpZQSMzphJS', 1, 0, NULL, NULL, '2020-10-24 19:34:53', '2020-10-24 20:37:37'),
(334, 'Normal', NULL, '٠١١٤٠٧٧٠٩١٨', '$2y$10$zNnOONL8mj1OlAu7GAl9GuKJDrmZR6Hc4uxPdZFF3CChTQmUR5IWG', 1, 1, NULL, NULL, '2020-10-24 19:38:23', '2020-10-25 05:58:57'),
(335, 'Normal', NULL, '01066150488', '$2y$10$pJcx1j0AqLdGOxzLkxsHK.i3WTt5yq.lMnLb5C22mb/buO/DbpgD6', 1, 0, NULL, NULL, '2020-10-24 19:52:09', '2020-10-24 20:36:51'),
(336, 'Normal', NULL, '01014062367', '$2y$10$LKNRSTgzChRH/qJTKE4r9.7hoFfiuAo3O6OnwidYjh9w1OoktG6vW', 1, 1, NULL, NULL, '2020-10-24 20:03:35', '2020-10-25 06:02:19'),
(337, 'Normal', NULL, '01033989295', '$2y$10$XHI10JYw8BuOyXCcvsj1vuHq4j7aANLNv94gIL33M4WMw0oiBidwS', 1, 1, NULL, NULL, '2020-10-24 20:05:39', '2020-10-24 21:06:59'),
(338, 'Normal', NULL, '01091195745', '$2y$10$BI2lMitOk2ol0P572t4CbeaCa8.He0hcuzMI4gU.r0T/CLRw2eWmu', 0, 0, NULL, NULL, '2020-10-24 20:12:39', '2020-10-24 20:12:39'),
(339, 'Normal', NULL, '01017040033', '$2y$10$jItdNAmfkALNbVz.JdhkO.fmypqDQqfxU3/CKB2/iQk7E7hc6Ab6m', 1, 1, NULL, NULL, '2020-10-24 20:13:36', '2020-10-24 21:06:12'),
(340, 'Normal', NULL, '٠١٠٩٠٧٣١٩١٧', '$2y$10$IJzbvovsHh7gyXHTGzAbR.ZNT/0O.4NYcmGkZuwg9/JomXkcld8I2', 0, 0, NULL, NULL, '2020-10-24 20:27:03', '2020-10-24 20:27:03'),
(341, 'Normal', NULL, '01202682782', '$2y$10$Yq5x7EUloztrVFeAXzqnWewxHilwKHrAlpB/8ib.yUxle0my73BnW', 1, 1, NULL, NULL, '2020-10-24 20:28:36', '2020-10-25 05:47:20'),
(342, 'Normal', NULL, '01090015186', '$2y$10$74VDxTPK0nx.ix2igjocieKtd/I1zLJIJcahCvC/iPDhV/U/Yy/MC', 1, 1, NULL, NULL, '2020-10-24 20:36:43', '2020-10-24 21:03:55'),
(343, 'Normal', NULL, '01001200580', '$2y$10$ZY0ZC1l.NUAYu8FCApu.I.eZCePHZkGN/J7/o8irj/nyvAEaiNE2y', 1, 1, NULL, NULL, '2020-10-24 20:52:45', '2020-10-24 21:00:41'),
(344, 'Normal', NULL, '01158551540', '$2y$10$ECI5aiAyMMw3QmZY8pK7f.stfr9WvAXtfAK16RB5Q2SQodfRc7YzO', 0, 0, NULL, NULL, '2020-10-24 20:54:33', '2020-10-24 20:54:33'),
(345, 'Normal', NULL, '01125226814', '$2y$10$SuaSJOmtZk0cES7TZxaowud9rNbQX8dQys1mcJNNy8UoXNXUilVda', 1, 1, NULL, NULL, '2020-10-24 21:00:41', '2020-10-24 21:26:10'),
(346, 'Normal', NULL, '01143747184', '$2y$10$t.v7BP7TggzT2pXe6cY2QO1uCU7EHeLc6Q96fcaGAuUu9luPFhOcS', 1, 1, NULL, NULL, '2020-10-24 21:02:54', '2020-10-24 21:26:43'),
(347, 'Normal', NULL, '01229019409', '$2y$10$VDfyT56mSz4wyRyWEYb08.Xe4bAqYExWIOVKRjArWIKHQ.HG4pMv.', 1, 1, NULL, NULL, '2020-10-24 21:11:29', '2020-10-25 05:51:38'),
(348, 'Normal', NULL, '01274466149', '$2y$10$yE5MOLRtdGiG6xIWR2lVZ.c//f2jsoWYpqxjILutQDyF7c00hxuqm', 1, 1, NULL, NULL, '2020-10-24 21:17:35', '2020-10-24 21:28:19'),
(349, 'Normal', NULL, '01148282221', '$2y$10$sIqzMVP3aUqHIzYKivXu3e9GgvyvGSrw08sw.fRLKkNHA/deIQvYy', 1, 1, NULL, NULL, '2020-10-24 21:34:13', '2020-10-25 05:56:32'),
(350, 'Normal', NULL, '01003310280', '$2y$10$KKO3Ddm9ODA40JuXYKyGdOi0w3MkWJ7KJqnr9gQ38R9DBSyPTf/MO', 0, 0, NULL, NULL, '2020-10-24 22:23:26', '2020-10-24 22:23:26'),
(351, 'Normal', NULL, '01226523394', '$2y$10$utX6wpE2lLIuJIdG9S1Rj.tENL/osx.seKEIU3Iyivhbq3WFhwnPO', 0, 0, NULL, NULL, '2020-10-24 23:01:33', '2020-10-24 23:01:33'),
(352, 'Normal', NULL, '01221934755', '$2y$10$TXWUmUWj7eh4JMGTvxdJ7OYBR1Trj22dd3SS74w8IPLzgm.mYntwy', 1, 1, NULL, NULL, '2020-10-25 02:14:07', '2020-10-25 05:53:48'),
(353, 'Normal', NULL, '01063219981', '$2y$10$mYMchqefJ033melX/W5BjuZTrOJC8DRO/yKg0RSN7.sLhCA3rwwv6', 1, 0, NULL, NULL, '2020-10-25 10:48:10', '2020-10-25 15:31:22'),
(354, 'Normal', NULL, '01145690243', '$2y$10$hLo8TjAOw8lETvADfE05FeZcF5C5QbRdhs3Zz8XORD1Iie6oLEa0e', 1, 0, NULL, NULL, '2020-10-25 11:36:39', '2020-10-25 15:31:28'),
(355, 'Normal', NULL, '01061472317', '$2y$10$04yxLSMIih4krXRKWPahNuKRC3Fs8xsKrkOKuBGKshxk.6R0EKIXK', 0, 0, NULL, NULL, '2020-10-25 11:54:39', '2020-10-25 11:54:39'),
(356, 'Normal', NULL, '01207801832', '$2y$10$b8oaiuY4eoHuCv3WGAPFRurQEhs23.OnKljWGrKmOjz3oEOgIYQRe', 1, 0, NULL, NULL, '2020-10-25 11:56:58', '2020-10-26 07:20:47'),
(357, 'Normal', NULL, '01102082597', '$2y$10$g7Xgzg0QbjhBZGALX.kWfOZvpnl91U2jyM.5U.5253/U69oKdgjh6', 1, 0, NULL, NULL, '2020-10-25 12:49:05', '2020-10-26 07:20:40'),
(358, 'Normal', NULL, '01235396729', '$2y$10$5LxexwY7spYrxf/HgfiMaubUKMjueyJax9FVvmb9eJ9Nv6KleO.nu', 1, 0, NULL, NULL, '2020-10-25 15:11:17', '2020-10-26 07:20:54'),
(359, 'Normal', NULL, '01117796900', '$2y$10$iUnGGzdfkTE4RJydeUUNGeNVcU/XudRY2WvbUeLrM06zcsA7prquG', 0, 0, NULL, NULL, '2020-10-25 15:36:20', '2020-10-25 15:36:20'),
(360, 'Normal', NULL, '01557521841', '$2y$10$Ey2kS8VQMrZxoAxy4hYz1.JT1EG7iZ97d9HbOzcKbLBChdkzUbdCe', 1, 0, NULL, NULL, '2020-10-25 15:37:13', '2020-10-26 07:21:41'),
(361, 'Normal', NULL, '01140967265', '$2y$10$qA90PvMqZQ80vx2N1F4siOgKeFob6EjYRR2YEHOGa7fTQjMYc.bfO', 0, 0, NULL, NULL, '2020-10-25 15:38:11', '2020-10-25 15:38:11'),
(362, 'Normal', NULL, '01554544222', '$2y$10$r09xjMqAlICvTxrMalWrfOCkiaXj7f7phaYpXJh/K7CsmYv2ZojXW', 1, 0, NULL, NULL, '2020-10-25 15:39:02', '2020-10-26 07:21:23'),
(363, 'Normal', NULL, '01095735676', '$2y$10$7H1H6OUdwRhqlzdXJCzlNePstSNTClVGsOheaYZUAl1qeGEeZyuqS', 1, 0, NULL, NULL, '2020-10-25 15:39:09', '2020-10-26 07:21:01'),
(364, 'Normal', NULL, '01125752244', '$2y$10$qyxffR8DNJSUTkXbEvnqMelQcxNWh6uEuWHNi/ZTkwm2Qv4FbG0Cu', 1, 0, NULL, NULL, '2020-10-25 15:39:35', '2020-10-26 07:21:08'),
(365, 'Normal', NULL, '01550293845', '$2y$10$CWLKdXsavJnm4NM3Y1X1KOuHur09qTflyS5ddHtA7PRWL9XjyDdS.', 1, 0, NULL, NULL, '2020-10-25 15:39:40', '2020-10-26 07:21:16'),
(366, 'Normal', NULL, '01129937454', '$2y$10$EpbFkU7EriKh6hlDAx6JV.j4EKm8GJelg.oHBu2I2XFkV.6AF4D02', 1, 0, NULL, NULL, '2020-10-25 15:40:35', '2020-10-26 07:21:31'),
(367, 'Normal', NULL, '01154878239', '$2y$10$o0eMF7k7pYsFg/oukcCyQuMm9fe1EWlBKKwNHYVb02caAsV4MxNgC', 1, 0, NULL, NULL, '2020-10-25 15:41:02', '2020-10-26 07:20:32'),
(368, 'Normal', NULL, '01032547262', '$2y$10$afmSCEx5DUW9pg60/QYD0eL/3OLGSDSg0Jv73TQFmd9A4odeDMFNi', 1, 0, NULL, NULL, '2020-10-25 15:44:02', '2020-10-26 07:21:36'),
(369, 'Normal', NULL, '01276868456', '$2y$10$d5XGpCVyhb4rNIv/JePDvePkqAiReo1qYXqTQJ0MlcHy932RvOEhG', 0, 0, NULL, NULL, '2020-10-25 15:54:19', '2020-10-25 15:54:19'),
(370, 'Normal', NULL, '01552596863', '$2y$10$5oNoFsd20ZZAK.MHveDAxemU3ohvUsUzoAOCI8sCADcqhGZuWwlyK', 1, 0, NULL, NULL, '2020-10-25 15:55:44', '2020-10-26 07:21:48'),
(371, 'Normal', NULL, '01115572412', '$2y$10$9DEI4IP5kO02.i0p/DuoMuRj1fmZqMWSrS9.SQ0SzUT4j0n.esFHa', 1, 0, NULL, NULL, '2020-10-25 15:55:54', '2020-10-26 07:22:02'),
(372, 'Normal', NULL, '01275114697', '$2y$10$dLFyFLcgdn5Zj.CzYdmDmuhyDMRxvH4ctfKPLa6EO4CBwzGS.p3pa', 1, 0, NULL, NULL, '2020-10-25 16:41:07', '2020-10-26 07:22:35'),
(373, 'Normal', NULL, '01153721265', '$2y$10$Dve3IkYW1HMMBt8ZFTLwAeOaFXuhD0y524bPVKDHsgl7tMsAg7QX6', 1, 0, NULL, NULL, '2020-10-25 16:41:41', '2020-10-26 07:22:50'),
(374, 'Normal', NULL, '01125752233', '$2y$10$r4orDqJtbGv3TKUNYXad7.lSlqQvtAQfw.A6vFzDv.ncHGLW.Pny.', 1, 0, NULL, NULL, '2020-10-25 16:42:01', '2020-10-26 07:22:57'),
(375, 'Normal', NULL, '01091060705', '$2y$10$y6YB3y6sLuCb4RGos692y.HcIq2dew0bT2A9IzHC05loShO7sUCkG', 0, 0, NULL, NULL, '2020-10-25 16:42:16', '2020-10-25 16:42:16'),
(376, 'Normal', NULL, '01152978048', '$2y$10$nbXN1YToWhoHIUbA7v17FuH9aMOSocg2d/KTD3OCx9EjnHFIjsiB6', 1, 0, NULL, NULL, '2020-10-25 16:47:07', '2020-10-26 07:23:09'),
(377, 'Normal', NULL, '01208823620', '$2y$10$FMi6d4/1OzcUBmdmwxh5peD0.j.Ef3iSccp42jetJXS9BGfbfPOcq', 1, 0, NULL, NULL, '2020-10-25 16:54:47', '2020-10-26 07:23:15'),
(378, 'Normal', NULL, '01225873337', '$2y$10$FLF720RsRPlzlsiFlqYJuueA8EEpmrzCGrl7jTyGu8Bi3x.RErdKu', 1, 0, NULL, NULL, '2020-10-25 17:07:43', '2020-10-26 07:23:28'),
(379, 'Normal', NULL, '01229019111', '$2y$10$ssichBwP4Jm42cR5el6LyuDJm3SIYxaYArVieks/1ShlN.6HLpwae', 1, 0, NULL, NULL, '2020-10-25 17:44:42', '2020-10-26 07:23:41'),
(380, 'Normal', NULL, '01021763635', '$2y$10$ApK.upsoS.r9eG5lRzZ1TeI5KKyDAJY6IzCulBhrSORy1mYTKXvRi', 1, 0, NULL, NULL, '2020-10-25 17:45:08', '2020-10-26 07:23:36'),
(381, 'Normal', NULL, '01068043820', '$2y$10$DrzrAgUpok.VRgjNBmcNDu1.17g0DpMlAGcuj49YvnsxSOR2u3yMO', 1, 0, NULL, NULL, '2020-10-25 17:53:32', '2020-10-26 07:23:47'),
(382, 'Normal', NULL, '01552763252', '$2y$10$J.izwy6uinAU7WajDDLOJe0Kwqx9zAtrzg0AmMvvAED077ZyMhRMS', 0, 0, NULL, NULL, '2020-10-25 18:08:01', '2020-10-25 18:08:01'),
(383, 'Normal', NULL, '01140947305', '$2y$10$EtmCAXo9JcXlbB57F846GOfLcNHb8qsUoOmsjOQbjOkWXd5UVkUo6', 1, 0, NULL, NULL, '2020-10-25 18:08:40', '2020-10-26 07:23:54'),
(384, 'Normal', NULL, '01063317882', '$2y$10$S5Y06ecU2ivHhyFgPoN7S.TzmuFU5Yz1cIbfZKt9QZILgvuLogIwC', 1, 0, NULL, NULL, '2020-10-25 18:38:44', '2020-10-26 07:24:00'),
(385, 'Normal', NULL, '01125752211', '$2y$10$RcaFnS8ZKAcO9FXFwE3F8OHcJCN6v3UOhirr465MQbkr1FrQI3JlG', 0, 0, NULL, NULL, '2020-10-25 18:42:54', '2020-10-25 18:42:54'),
(386, 'Normal', NULL, '01152068806', '$2y$10$iBnxl6Ye.ZuqQ5bUl7mblOus/cMmfo8Hwc4BNWCUtuBG8F.v8nx7S', 1, 0, NULL, NULL, '2020-10-25 18:43:15', '2020-10-26 07:24:09'),
(387, 'Normal', NULL, '01125752277', '$2y$10$/37K.GEuH19x958MprxaY.rDld9sv7MPehlssQcUeyYljVP82t712', 0, 0, NULL, NULL, '2020-10-25 18:45:34', '2020-10-25 18:45:34'),
(388, 'Normal', NULL, '01028233868', '$2y$10$f..NDq5jPpnVUYs1Asu5e.CZ.Ny1cnJoiOBXwT/UZC4E6RT/8o4Re', 1, 0, NULL, NULL, '2020-10-25 18:45:40', '2020-10-26 07:24:22'),
(389, 'Normal', NULL, '01205470340', '$2y$10$0nOvfo7fN0NQFZGxfcNq5u0FIH2OJG7Madl/7jgOChyZKEcOoUakG', 1, 0, NULL, NULL, '2020-10-25 18:49:51', '2020-10-26 07:24:38'),
(390, 'Normal', NULL, '01201587681', '$2y$10$0XkVUWWGzxlEfLEHoXa4.eP7ImXFcarMJnKyn.br7phOm/ympmPEm', 1, 0, NULL, NULL, '2020-10-25 19:06:43', '2020-10-26 07:24:32'),
(391, 'Normal', NULL, '01227058781', '$2y$10$k3H/tzYc5BSfntwwjAvLluM.BfGY9VtPwezNcE/WUvUjQt8gq.BZW', 0, 0, NULL, NULL, '2020-10-25 20:28:21', '2020-10-25 20:28:21'),
(392, 'Normal', NULL, '01147235535', '$2y$10$0bLtWlcW5kM1maNVhxegV.QRgsedTgL.AMq1jxH8cS2owW3uWMe5i', 1, 0, NULL, NULL, '2020-10-25 20:40:19', '2020-10-26 07:24:44'),
(393, 'Normal', NULL, '01002235950', '$2y$10$VG1tqoQE.cg6.zS5dnebuOMzogrfgUYdzjxJJv5FC2P9lY3YWBVs.', 1, 0, NULL, NULL, '2020-10-25 20:43:17', '2020-10-26 07:24:49'),
(394, 'Normal', NULL, '01200989580', '$2y$10$6CRG18O8lKeEmey4fTTlY.yK6sXP8SUhba1Uf4.fhoa8iKf.iHzni', 1, 0, NULL, NULL, '2020-10-25 20:46:45', '2020-10-26 07:24:55'),
(395, 'Normal', NULL, '01556842593', '$2y$10$8YsxsxkMAvHMo5iWgHpQkOTT16KuEEz.J.NJJan0.eogIGwcXQEGa', 1, 0, NULL, NULL, '2020-10-25 20:56:18', '2020-10-26 07:25:00'),
(396, 'Normal', NULL, '01062109494', '$2y$10$kJVOFKRO8v9XikVOnYac8uBLBY7gv7R.MRcwwsBuDPj0Xtw2uZHlG', 0, 0, NULL, NULL, '2020-10-25 21:05:13', '2020-10-25 21:05:13'),
(397, 'Normal', NULL, '01152213343', '$2y$10$/xd2hX/vSZlW7YY1IILQ.OiikyVmQeZvTflghDbAMxugSNg1bQGem', 1, 0, NULL, NULL, '2020-10-25 21:06:37', '2020-10-26 07:25:05'),
(398, 'Normal', NULL, '01229980832', '$2y$10$Kiv72BGCKciXznTVcN.iWeiLmdTaesW.PFRxQqhmFLP8JASNYjOQi', 1, 0, NULL, NULL, '2020-10-25 21:48:11', '2020-10-26 07:25:10'),
(399, 'Normal', NULL, '01125271392', '$2y$10$QOJi7LMy4yZcVLfRoOtJwenkStxMWChLA8qHLAwt7RzgjRHt3w5Ny', 1, 0, NULL, NULL, '2020-10-25 22:24:48', '2020-10-26 07:25:37'),
(400, 'Normal', NULL, '01028461109', '$2y$10$pzeB2HDwCq6uQitMXJ2sSerH4Y2lRtt6ocxj36RQtLnoSa44PEyje', 1, 0, NULL, NULL, '2020-10-25 23:17:32', '2020-10-26 07:25:32'),
(401, 'Normal', NULL, '01062304479', '$2y$10$hPaSFyXEAYMdo8q9G0Px8O7JQkK9N87X9cARYdb75GTVexGHZynsK', 1, 0, NULL, NULL, '2020-10-25 23:21:55', '2020-10-26 07:25:42'),
(402, 'Normal', NULL, '01067292445', '$2y$10$OSja5fhrxGqM2EL.e/gY1eH5.3mF/JA8uAHIEkanCjRGhOFgVHv8S', 1, 1, NULL, NULL, '2020-10-26 00:10:06', '2020-10-26 16:23:15'),
(403, 'Normal', NULL, '01150936575', '$2y$10$ZbieNNSm5wDjYCdNfUvti.Q0/5mdGfuunlqjvb6FpMDM.7mJjFPF2', 1, 0, NULL, NULL, '2020-10-26 00:54:08', '2020-10-26 07:20:21'),
(404, 'Normal', NULL, '01010315204', '$2y$10$iRNaMITG0ckNOtV1dnuRbeq7u24qeTDZUubjXhslp/EJ6H1fY5Kze', 1, 0, NULL, NULL, '2020-10-26 07:32:23', '2020-10-26 16:27:31'),
(405, 'Normal', NULL, '01276758683', '$2y$10$i/rE7tA3/2PpXVsDQLbkFOWgOx/bFiepaU.koncKxqslIoKVN2/eK', 1, 0, NULL, NULL, '2020-10-26 08:42:30', '2020-10-26 16:27:11'),
(406, 'Normal', NULL, '01221667489', '$2y$10$81ZH6hTUWCrjO2rCI./qS.0Ry5XePyWrMWPVqiDfHPdyUofC/Tk5G', 1, 0, NULL, NULL, '2020-10-26 11:32:20', '2020-10-27 21:51:42'),
(407, 'Normal', NULL, '01092668812', '$2y$10$VxNF8mdGFZwldzAlSDw0kuhQdM9mPrlsBa8mUp26dzzuZ.i.N/j56', 1, 0, NULL, NULL, '2020-10-26 12:49:35', '2020-10-27 21:51:54'),
(408, 'Normal', NULL, '01065853836', '$2y$10$Te3IOfNfdSJfdkH8X9/JjOQbOPKuYgq789RUHJ9H0phCDixpfmqYO', 1, 0, NULL, NULL, '2020-10-26 13:50:06', '2020-10-27 21:52:09'),
(409, 'Normal', NULL, '010694130297', '$2y$10$sWLu4CqUd98GeQCyrqWreu3gD4ACim4Jm9lNcoA5l/O84ZV/XBuNS', 1, 0, NULL, NULL, '2020-10-26 13:58:06', '2020-10-27 21:54:03'),
(410, 'Normal', NULL, '01206870160', '$2y$10$wM085uNu6HT/SgvlOTgyqeLyY/tTfV6aaSX8pLCwZf/YsdG92ZJ1i', 1, 0, NULL, NULL, '2020-10-26 14:05:35', '2020-10-27 21:54:15'),
(411, 'Normal', NULL, '01030242735', '$2y$10$42cE1BAWQV9ZefTEytNkjuJBc8qMoOdHH4rQKpl.Ui7.YUUoZ62im', 0, 0, NULL, NULL, '2020-10-26 14:17:34', '2020-10-26 14:17:34'),
(412, 'Normal', NULL, '01122257550', '$2y$10$fTwRCv/UdMhxn6uOap4C7eh8phRvUzp.NTvP29.8WILgN4qtgPoli', 1, 0, NULL, NULL, '2020-10-26 14:22:12', '2020-10-27 21:54:30'),
(413, 'Normal', NULL, '01099380106', '$2y$10$dxLrNGOWgAjmmJHUy7CM6eIsKBCpDUlcxXkyfALHXdeANoXhFC1gy', 1, 0, NULL, NULL, '2020-10-26 14:22:24', '2020-10-27 21:54:42'),
(414, 'Normal', NULL, '01125752288', '$2y$10$LjLM.cccOoamSAUNecvHZewebZ31qRDAb3qvQbtqHeQ6PjCIhFke6', 1, 0, NULL, NULL, '2020-10-26 14:24:27', '2020-10-27 21:55:38'),
(415, 'Normal', NULL, '01151807367', '$2y$10$pzl.8EKKCFPFp7ZRqDoQhOXLCxnQRVzYAmv3zyQRl2TRRqFQTNp86', 1, 0, NULL, NULL, '2020-10-26 14:24:28', '2020-10-27 21:56:06'),
(416, 'Normal', NULL, '01142269410', '$2y$10$r4Bd/nmxwlFg.QWBd65tveIqzK.0Wvk.B8gr4lpMlnZiwq9oD4Bei', 0, 0, NULL, NULL, '2020-10-26 14:26:39', '2020-10-26 14:26:39'),
(417, 'Normal', NULL, '01229671909', '$2y$10$p4lJB5Jyh3efW51FI7xO5uWGqfVSC4U1t2reFaiwoF1WBin8S/MK2', 1, 0, NULL, NULL, '2020-10-26 14:27:41', '2020-10-27 21:56:18'),
(418, 'Normal', NULL, '01224518250', '$2y$10$6eRjCV5xDDtUVFYXSozkl.dD6aApRDuVwn4Sp.LKNP8HwOwbi8hD2', 1, 0, NULL, NULL, '2020-10-26 14:33:30', '2020-10-27 21:56:44'),
(419, 'Normal', NULL, '01063793953', '$2y$10$ozq47GvaBgCkI8imEYtSHeK31DP9XHXxPYRI6inVG2yqmUGZzu6T2', 1, 0, NULL, NULL, '2020-10-26 15:53:17', '2020-10-27 21:56:59'),
(420, 'Normal', NULL, '01125752287', '$2y$10$HQlP8G6UdwHXNXghl5L3f.f8JzSUmK97rCNWCiYuQDVE1WT2Ja3nO', 1, 0, NULL, NULL, '2020-10-26 16:10:28', '2020-10-27 21:57:28'),
(421, 'Normal', NULL, '01124278990', '$2y$10$5yE4ehj457y0AiMo8doE8em9K.Ye2aT0EykLnTo3CPkRK9MMWpKjy', 1, 0, NULL, NULL, '2020-10-26 16:12:44', '2020-10-27 21:57:46'),
(422, 'Normal', NULL, '٠١٠٢٧٩٨٠٠٥٧', '$2y$10$alwgyAHH9h4sWpfbBtM2i.0xSp2gZxa.GcgctjWOuxMA.Epb351NC', 1, 0, NULL, NULL, '2020-10-26 16:13:56', '2020-10-27 21:58:13'),
(423, 'Normal', NULL, '01159652010', '$2y$10$LgImFoqQneqhgyOckeHE2uirTxDBHp86BHP9uwzyo2RI6CncG25mO', 1, 0, NULL, NULL, '2020-10-26 16:17:58', '2020-10-27 21:59:39'),
(424, 'Normal', NULL, '01210425646', '$2y$10$X59f.5gvoCsu24g00Y8lzeEztZC17RrA/g.JCN6M/4Jxj5nznzWwS', 1, 0, NULL, NULL, '2020-10-26 16:19:30', '2020-10-27 21:59:59'),
(425, 'Normal', NULL, '01221097911', '$2y$10$ix9bqSJtSHPS1eJztUvkFuX71oUv9x8s87kLHA/AXTmhJcHiwKMjm', 1, 0, NULL, NULL, '2020-10-26 17:16:44', '2020-10-27 22:00:08'),
(426, 'Normal', NULL, '01123675489', '$2y$10$Qa6j1X/ZCezO8TbprqKvOOx6WUfsIGFF/LBhSEUkDkCxv68fVkTzK', 0, 0, NULL, NULL, '2020-10-26 17:29:39', '2020-10-26 17:29:39'),
(427, 'Normal', NULL, '01068357117', '$2y$10$hixO6gwZWvnRGVjphq0tTuw.ZdnTNraeHECRe9ZdY2T88QAY7lLxa', 1, 0, NULL, NULL, '2020-10-26 18:20:30', '2020-10-27 22:00:42'),
(428, 'Normal', NULL, '01278879084', '$2y$10$kCTFOZISAQ7f1/hWPv0.m./5YGnX7EtN9oFmGR/PUfon9acSVXMh2', 0, 0, NULL, NULL, '2020-10-26 18:33:37', '2020-10-26 18:33:37'),
(429, 'Normal', NULL, '01125757777', '$2y$10$DO1oli9M69xU0PgEaXq4nONUVAiskXz166M9j/jF4NDxUjjvLPg92', 1, 0, NULL, NULL, '2020-10-26 18:43:04', '2020-10-27 22:00:58'),
(430, 'Normal', NULL, '01028750502', '$2y$10$02Zn2EaholLX4wd9qmI8sOQC.kkSwASdBkPH9K3W3kXzMnMKJbcvC', 1, 0, NULL, NULL, '2020-10-26 18:43:47', '2020-10-27 22:01:58'),
(431, 'Normal', NULL, '01205029680', '$2y$10$NhT1EtPUo.yfBTRkiYUj7edPNcRKjzCFCrNLbgpd1a8KaZQ2UtpeC', 1, 0, NULL, NULL, '2020-10-26 18:43:49', '2020-10-27 22:01:41'),
(432, 'Normal', NULL, '+01281177498', '$2y$10$blopNAWM.1xQc1sFt1Y4Wuaz5KG0ONTShRKf/F6x2WeprFk9MRhvW', 1, 0, NULL, NULL, '2020-10-26 18:44:31', '2020-10-27 22:01:24'),
(433, 'Normal', NULL, '01273189969', '$2y$10$zPTDvjCJeRByS50EC4Nb7uW2OMxKA5llG2Rn2PJQPEoHs5/dpM8LW', 0, 0, NULL, NULL, '2020-10-26 18:44:50', '2020-10-26 18:44:50'),
(434, 'Normal', NULL, '01118868514', '$2y$10$OH6kuYORpwbcmNrV4jxa0e2Gyp0.q1Zd5RhT.RYoGRgJByT49W.yC', 1, 0, NULL, NULL, '2020-10-26 19:12:21', '2020-10-27 22:02:23'),
(435, 'Normal', NULL, '01009465471', '$2y$10$ph9VFSBGZ47ePXxQ48TPe.TEWvpX3JqHn7EFvsIto.3DvSSDdoxcO', 1, 0, NULL, NULL, '2020-10-26 19:53:51', '2020-10-27 22:02:37'),
(436, 'Normal', NULL, '01276346824', '$2y$10$jKgVWLgP8UcULvSr1v.EB.4E/g1747hoVRYhTZYW/jd5DxgX5Wm7S', 1, 0, NULL, NULL, '2020-10-26 20:15:05', '2020-10-27 22:03:00'),
(437, 'Normal', NULL, '01092506099', '$2y$10$3ZwSxGDFHMX8A3JLVyl/neaAOXYhx1jMQhk4WvcYieShHhZe3hGFy', 1, 0, NULL, NULL, '2020-10-26 20:16:25', '2020-10-27 22:05:16'),
(438, 'Normal', NULL, '01274386711', '$2y$10$lIlvjD1Fej5sLOwbJuzQpOOiR63SusOgvwMX20SHmYqnFpqrJGqHG', 1, 0, NULL, NULL, '2020-10-26 20:16:45', '2020-10-27 22:06:15'),
(439, 'Normal', NULL, '01095659177', '$2y$10$Mv385x1uG.ro4r9SmqrOZu9WMBOCOWN9R0Vi47rBrf6VMBD1jbrUm', 0, 0, NULL, NULL, '2020-10-26 20:29:16', '2020-10-26 20:29:16'),
(440, 'Normal', NULL, '01093560444', '$2y$10$JrsWvY3ccbK1cagZmMhOheDiPKe8S9U0Rrc23f5iQmA8rJjY6DB9.', 1, 0, NULL, NULL, '2020-10-26 20:32:56', '2020-10-27 22:07:06'),
(441, 'Normal', NULL, '01065969225', '$2y$10$7o.a2cz7CHw1FLvQ3CDLtuT8wcEuDDKojp9FUP8Ngu.0lGw69ef62', 0, 0, NULL, NULL, '2020-10-26 20:35:13', '2020-10-26 20:35:13'),
(442, 'Normal', NULL, '01228035584', '$2y$10$VPoTn6oXzP8A0TGQpe9d2.nGLSxzVX13ebBBdvBf0uGwgyOo5245S', 1, 0, NULL, NULL, '2020-10-26 20:38:44', '2020-10-27 22:08:04'),
(443, 'Normal', NULL, '01121174942', '$2y$10$Ierq6eKKDDhSrAczjhVBwegi0z8Phy/pCDRP9lsCMaYmYWeJCGZdm', 1, 0, NULL, NULL, '2020-10-26 20:51:32', '2020-10-27 22:09:52'),
(444, 'Normal', NULL, '01283606535', '$2y$10$maBnxSk8Y5pbcSGUKCo2XOyWSnIJcKEgSvMUm6zX0KQxBkZhGXHiC', 1, 0, NULL, NULL, '2020-10-26 21:03:20', '2020-10-27 22:09:58'),
(445, 'Normal', NULL, '01550768094', '$2y$10$Zqikp44/57yRx10wybERwunweSOiRuO0SUt97X4QXA7AHGt5xe0yS', 1, 0, NULL, NULL, '2020-10-26 21:52:47', '2020-10-27 22:14:26'),
(446, 'Normal', NULL, '01005437407', '$2y$10$YkX5GOXlhukc3DcUTw9CeeWXQ6PK9PSqsiLMfEa0DQQ3xE7yYxdia', 0, 0, NULL, NULL, '2020-10-26 21:59:42', '2020-10-26 21:59:42'),
(447, 'Normal', NULL, '01272846174', '$2y$10$ytzjZYggIRDRsTtR/i6Laeo0c8/4lp3OSE4WnaPRDVSLK/o9qkvee', 0, 0, NULL, NULL, '2020-10-26 22:25:54', '2020-10-26 22:25:54'),
(448, 'Normal', NULL, '01112990561', '$2y$10$NN4RSLphqSAIl3eJO03NuuNZn46h44f1G2X/yohnEnPUrRzIcuW0m', 1, 1, NULL, NULL, '2020-10-26 22:41:25', '2020-10-27 23:17:40'),
(449, 'Normal', NULL, '01147943672', '$2y$10$KRCXmDfkEkWKGBDYrxOY9.r96r0mvWrfR/uGmKY5egdOPT8/kvMVO', 1, 0, NULL, NULL, '2020-10-26 23:08:12', '2020-10-27 22:29:26'),
(450, 'Normal', NULL, '01226625881', '$2y$10$whoF6hdT4aHRbNdsWFlTReTYp3J/5227M5fRHi9ptlNNdM2Lqio1C', 1, 0, NULL, NULL, '2020-10-26 23:09:50', '2020-10-27 22:30:00'),
(451, 'Normal', NULL, '01552120520', '$2y$10$BbRLrAANDeFNiqRFBxe4HeJzMKxiur015vWEL1IlXkvh4j03u.wDe', 0, 0, NULL, NULL, '2020-10-26 23:44:47', '2020-10-26 23:44:47'),
(452, 'Normal', NULL, '01122888078', '$2y$10$XWSrZY.QNfgov.ux.ZOUOOfgQtVmb8dY15lA.I8Hr8X2/mETrTqvK', 1, 1, NULL, NULL, '2020-10-27 01:21:38', '2020-10-27 23:14:29'),
(453, 'Normal', NULL, '01141503672', '$2y$10$qZELQhU/aVk...ur0AsjQezhnug/uVzSkWbKSlYjATnnFf5eyPZly', 1, 1, NULL, NULL, '2020-10-27 03:26:46', '2020-10-27 22:40:04'),
(454, 'Normal', NULL, '01023510020', '$2y$10$mMOzBoD13ON.c30NZOSfL.HhhK0zjSKwqfB036NIY6TKs34R9lZQm', 1, 1, NULL, NULL, '2020-10-27 08:31:36', '2020-10-27 23:15:53'),
(455, 'Normal', NULL, '01205475291', '$2y$10$1HwPfhe27KiEBSEoGRiWfeypqRRGXzHENB/Li1bCECFYO.YpNztvO', 1, 0, NULL, NULL, '2020-10-27 08:59:02', '2020-10-27 22:31:41'),
(456, 'Normal', NULL, '01145997107', '$2y$10$b/t75c35nLrlm6icq4njHuxLwtbV0Buax8zRVbjHikh7Bq5qdAJSa', 1, 0, NULL, NULL, '2020-10-27 09:52:13', '2020-10-27 22:31:49'),
(457, 'Normal', NULL, '01272085173', '$2y$10$iD3wieDuG8ZOumSELwXPOOEuTpQI453RI6MTR.XRX2hzbOS4ofyj.', 1, 0, NULL, NULL, '2020-10-27 10:14:26', '2020-10-27 22:32:21'),
(458, 'Normal', NULL, '01210808525', '$2y$10$2Y.LjxBzgCw2OUf4mirBXuTna2BlbTbKgP7Tr7Z57QbqXgFXH6.Su', 1, 1, NULL, NULL, '2020-10-27 11:16:40', '2020-10-27 22:41:43'),
(459, 'Normal', NULL, '01010688571', '$2y$10$4BlDVHRrBi65jjRW9bgdiOq/hs7PBuYyzeYqDQLxIzoieinsYnFCy', 1, 1, NULL, NULL, '2020-10-27 12:47:24', '2020-10-27 23:10:46'),
(460, 'Normal', NULL, '01030587009', '$2y$10$pmR1R7dbnPAgq7eIfZg.dOWslCl6tChMwmz.cd1TIGeEQdxAXQnTu', 1, 1, NULL, NULL, '2020-10-27 14:16:35', '2020-10-27 23:13:20'),
(461, 'Normal', NULL, '01024457672', '$2y$10$SImfXyqqBjiCy7dc.2eh3OB6zq87G8sJg6Uz1mAyTpbgQFgz9GTMy', 0, 0, NULL, NULL, '2020-10-27 18:33:06', '2020-10-27 18:33:06'),
(462, 'Normal', NULL, '01008889356', '$2y$10$1MHSJouM29VM/8SSYGDoYOASqgGf7xuNCeegxXc8HNJtSGZVq0Qde', 1, 0, NULL, NULL, '2020-10-27 20:09:49', '2020-10-27 23:18:58'),
(463, 'Normal', NULL, '01091200190', '$2y$10$8h9KJrpJNaZwSe3lQc..pe8bNT.SoWcSXUNfch15ELgA1RWUDQHO2', 1, 0, NULL, NULL, '2020-10-27 20:59:05', '2020-10-27 23:19:14'),
(464, 'Normal', NULL, '01001526545', '$2y$10$4bUZeviuuFnqAtiZ/Xwd8Ov6NyxqPCdK.g9HgRA9sEhAi2m3nk6O.', 0, 0, NULL, NULL, '2020-10-28 00:11:36', '2020-10-28 00:11:36'),
(465, 'Normal', NULL, '01226670844', '$2y$10$5xc3mzfyTKUJqrcoOh37h.FV8mDp0zmlPDIhgQWh.lLkcUq8Xnkuu', 0, 0, NULL, NULL, '2020-10-28 12:16:37', '2020-10-28 12:16:37'),
(466, 'Normal', NULL, '012722220253', '$2y$10$r2sbVfr0uCNTX4hUreT6MexyMNBBKmGEvjmIeu4ZStlQahczSF8b6', 0, 0, NULL, NULL, '2020-10-28 13:26:18', '2020-10-28 13:26:18'),
(467, 'Normal', NULL, '01091532131', '$2y$10$qvj1EFYXj/aXbZm6lqweiufcuEnlH0RRL5V3JLtrF0Bxi3BVFoRU6', 0, 0, NULL, NULL, '2020-10-28 16:54:42', '2020-10-28 16:54:42'),
(468, 'Normal', NULL, '01022947414', '$2y$10$fuy5KtkinXcbkB0Qi/RIfOJWLG1OE2Y72zTGncF7MKoJnvIZEB0s.', 0, 0, NULL, NULL, '2020-10-28 20:17:57', '2020-10-28 20:17:57'),
(469, 'Normal', NULL, '01208228923', '$2y$10$69RhPz3l03R3YmO6nkqmZ.V78Pf0h7jWBqnR/l.KR7S9/Spj7GHdG', 0, 0, NULL, NULL, '2020-10-29 00:05:51', '2020-10-29 00:05:51'),
(470, 'Normal', NULL, '01275772348', '$2y$10$hYlAesAc571gAjmJmYF23.cr3.mpAmaw5k5TtifXCNkD1p/q4Zaxa', 0, 0, NULL, NULL, '2020-10-29 01:33:27', '2020-10-29 01:33:27'),
(471, 'Normal', NULL, '01205593569', '$2y$10$GVzXN0/uj9fNxiAEPgbyVudzD3N5H1zLamWBe79m48PGNdtlfGLPm', 0, 0, NULL, NULL, '2020-10-29 09:57:50', '2020-10-29 09:57:50'),
(472, 'Normal', NULL, '01202760861', '$2y$10$EmgYyTRyoUdk8C9FFnN5qOAG9lnz/Uhn4AICHsYfq/tfUHztdbD4C', 0, 0, NULL, NULL, '2020-10-29 11:12:07', '2020-10-29 11:12:07'),
(473, 'Normal', NULL, '01155339553', '$2y$10$aLOfc7mLgV9PsMwtB8p4G.Xj6dsEuIzv16aec1NaMYjTJbXrFzx0y', 0, 0, NULL, NULL, '2020-10-29 12:11:11', '2020-10-29 12:11:11'),
(474, 'Normal', NULL, '01002191968', '$2y$10$s9EL177ny/vR.HTduWsJ1evkC1.rYTECfFLgb41xNeB51pVCIgavS', 0, 0, NULL, NULL, '2020-10-29 14:11:07', '2020-10-29 14:11:07'),
(475, 'Normal', NULL, '01115058934', '$2y$10$WIbftyrWc9eNeSEVvwGiAeNHRtiYEVPWnZjaqR3o4vbkN.rZekNS.', 0, 0, NULL, NULL, '2020-10-29 19:09:44', '2020-10-29 19:09:44'),
(476, 'Normal', NULL, '01274230025', '$2y$10$YDGVQ.WW06tENbwM683q4.8c4F3BlIycq3SiPLcg.lG1.uxgUEAuu', 0, 0, NULL, NULL, '2020-10-29 20:00:33', '2020-10-29 20:00:33'),
(477, 'Normal', NULL, '01140149695', '$2y$10$RiADex88Uv25bClGazp4Vu8Uf97/u1c5VSxXoJbbnnMZy/lOuyWMi', 0, 0, NULL, NULL, '2020-10-30 13:41:15', '2020-10-30 13:41:15'),
(478, 'Normal', NULL, '01149844889', '$2y$10$aj0RblYXbKcwdmwuLX9p8uHH9IW78EG4e7YOf7IhOUU3coNnsRS8y', 0, 0, NULL, NULL, '2020-11-01 07:09:53', '2020-11-01 07:09:53'),
(479, 'Normal', NULL, 'Dina 1234', '$2y$10$n0GC0saLi6L0qINgHCWNJ.pZbX0ewl5v1xtxm.RG2sBhIY4w4XQ5q', 0, 0, NULL, NULL, '2020-11-01 15:26:00', '2020-11-01 15:26:00'),
(480, 'Normal', NULL, '01114770467', '$2y$10$Zpz7Sh1S3iJWXwUHFXOLy.WWAoKpHhmaI8anAl5zj9Gq9NDB24L3q', 0, 0, NULL, NULL, '2020-11-04 14:29:12', '2020-11-04 14:29:12'),
(481, 'Normal', NULL, '01222346208', '$2y$10$/dkPF0mh5ILtY.EIsQStmOqSolY21cCYJLyy4tiIou0V2hxty2Cyi', 0, 0, NULL, NULL, '2020-11-04 18:50:32', '2020-11-04 18:50:32'),
(482, 'Normal', NULL, '01145920745', '$2y$10$IBjazRfR1KmYHBmaJc2n.O7zRcI6JRB2Wk8Pn.X5BD6cVMUhHy1PO', 0, 0, NULL, NULL, '2020-11-04 19:40:25', '2020-11-04 19:40:25'),
(483, 'Normal', NULL, '01225727732', '$2y$10$BxEKW0Dwk456s0DfhHys..lTyxEFCexRbFmoKDtW2Fx34AIR76k5O', 0, 0, NULL, NULL, '2020-11-05 14:54:36', '2020-11-05 14:54:36'),
(484, 'Normal', NULL, '01011270653', '$2y$10$RwybdSD6EhcyMGzKDs9RZu5Q8dWEI10r1FqTwP36CDuaWC9TEkLyS', 0, 0, NULL, NULL, '2020-11-08 14:05:45', '2020-11-08 14:05:45'),
(485, 'Normal', NULL, '01556858702', '$2y$10$tch8QpQsRhdAXZhzrFCIDuPuS0b51wfjIM1Sh4Br8EdQRYYqsM7H2', 0, 0, NULL, NULL, '2020-11-08 17:51:40', '2020-11-08 17:51:40'),
(486, 'Normal', NULL, '01009387119', '$2y$10$GzKa8TXc6ePf.ECnBh6XSOGs1nAA7a0NFbIDYV1K.QGIofs.ZK3uu', 0, 0, NULL, NULL, '2020-11-14 12:08:50', '2020-11-14 12:08:50'),
(487, 'Normal', NULL, '01061888787', '$2y$10$WH7tchxhLVskDB2bT/cRM.sazAwHgr83XGGPTvnIJ22neUMFJhZt6', 0, 0, NULL, NULL, '2020-11-15 04:17:31', '2020-11-15 04:17:31'),
(488, 'Admin', NULL, '01282691449', '$2y$10$jn5O/HOJfcMH0a/TMqSteeqjGcyN9W9BWR1E/pni3vS.zvQ7swbkO', 1, 1, NULL, NULL, '2020-11-16 15:20:53', '2020-11-16 15:20:53'),
(489, 'Normal', NULL, '01049219525', '$2y$10$potVLXnPJFiQ8fLxBjWczehLK2qYETw/GWGRiT1RJbXexIymGEGDG', 1, 1, NULL, NULL, '2020-11-16 16:04:41', '2020-11-16 16:04:41'),
(490, 'Normal', NULL, '01112131415', '$2y$10$XTF6cr6Gn8b5iC5tpHpNaOJv4WpASC9CB6XRO0dp7ErXgfAP36N12', 1, 0, NULL, NULL, '2020-11-16 18:21:06', '2020-11-16 18:26:38'),
(491, 'Normal', NULL, '01113689196', '$2y$10$ULA7M3/.k7qxTUN2FTNVu.hw2Ap5jgjXgq3E/ls4/pjw.udvWNdGS', 0, 0, NULL, NULL, '2020-11-20 19:50:44', '2020-11-20 19:50:44'),
(492, 'Normal', NULL, '01276250577', '$2y$10$s.CCDptLUOBdedEE8uXBeO/gBuypPBJhYQTp7PAQUnrQ5HLhgktMq', 0, 0, NULL, NULL, '2020-11-30 14:12:50', '2020-11-30 14:12:50');

--
-- Indexes for dumped tables
--

--
-- Indexes for table `assignments`
--
ALTER TABLE `assignments`
  ADD PRIMARY KEY (`id`),
  ADD KEY `assignments_lesson_id_foreign` (`lesson_id`);

--
-- Indexes for table `attendances`
--
ALTER TABLE `attendances`
  ADD PRIMARY KEY (`id`),
  ADD KEY `attendances_user_id_foreign` (`user_id`),
  ADD KEY `attendances_lesson_id_foreign` (`lesson_id`);

--
-- Indexes for table `failed_jobs`
--
ALTER TABLE `failed_jobs`
  ADD PRIMARY KEY (`id`);

--
-- Indexes for table `lessons`
--
ALTER TABLE `lessons`
  ADD PRIMARY KEY (`id`);

--
-- Indexes for table `migrations`
--
ALTER TABLE `migrations`
  ADD PRIMARY KEY (`id`);

--
-- Indexes for table `password_resets`
--
ALTER TABLE `password_resets`
  ADD KEY `password_resets_email_index` (`email`);

--
-- Indexes for table `reservations`
--
ALTER TABLE `reservations`
  ADD PRIMARY KEY (`id`),
  ADD KEY `reservations_user_id_foreign` (`user_id`);

--
-- Indexes for table `students`
--
ALTER TABLE `students`
  ADD PRIMARY KEY (`id`),
  ADD KEY `students_user_id_foreign` (`user_id`),
  ADD KEY `students_reservation_id_foreign` (`reservation_id`);

--
-- Indexes for table `users`
--
ALTER TABLE `users`
  ADD PRIMARY KEY (`id`),
  ADD UNIQUE KEY `users_mobile_unique` (`mobile`),
  ADD UNIQUE KEY `users_email_unique` (`email`);

--
-- AUTO_INCREMENT for dumped tables
--

--
-- AUTO_INCREMENT for table `assignments`
--
ALTER TABLE `assignments`
  MODIFY `id` bigint(20) UNSIGNED NOT NULL AUTO_INCREMENT;

--
-- AUTO_INCREMENT for table `attendances`
--
ALTER TABLE `attendances`
  MODIFY `id` bigint(20) UNSIGNED NOT NULL AUTO_INCREMENT, AUTO_INCREMENT=314;

--
-- AUTO_INCREMENT for table `failed_jobs`
--
ALTER TABLE `failed_jobs`
  MODIFY `id` bigint(20) UNSIGNED NOT NULL AUTO_INCREMENT;

--
-- AUTO_INCREMENT for table `lessons`
--
ALTER TABLE `lessons`
  MODIFY `id` bigint(20) UNSIGNED NOT NULL AUTO_INCREMENT, AUTO_INCREMENT=28;

--
-- AUTO_INCREMENT for table `migrations`
--
ALTER TABLE `migrations`
  MODIFY `id` int(10) UNSIGNED NOT NULL AUTO_INCREMENT, AUTO_INCREMENT=9;

--
-- AUTO_INCREMENT for table `reservations`
--
ALTER TABLE `reservations`
  MODIFY `id` bigint(20) UNSIGNED NOT NULL AUTO_INCREMENT, AUTO_INCREMENT=383;

--
-- AUTO_INCREMENT for table `students`
--
ALTER TABLE `students`
  MODIFY `id` bigint(20) UNSIGNED NOT NULL AUTO_INCREMENT, AUTO_INCREMENT=396;

--
-- AUTO_INCREMENT for table `users`
--
ALTER TABLE `users`
  MODIFY `id` bigint(20) UNSIGNED NOT NULL AUTO_INCREMENT, AUTO_INCREMENT=493;

--
-- Constraints for dumped tables
--

--
-- Constraints for table `assignments`
--
ALTER TABLE `assignments`
  ADD CONSTRAINT `assignments_lesson_id_foreign` FOREIGN KEY (`lesson_id`) REFERENCES `lessons` (`id`) ON DELETE CASCADE;

--
-- Constraints for table `attendances`
--
ALTER TABLE `attendances`
  ADD CONSTRAINT `attendances_lesson_id_foreign` FOREIGN KEY (`lesson_id`) REFERENCES `lessons` (`id`) ON DELETE CASCADE,
  ADD CONSTRAINT `attendances_user_id_foreign` FOREIGN KEY (`user_id`) REFERENCES `users` (`id`) ON DELETE CASCADE;

--
-- Constraints for table `reservations`
--
ALTER TABLE `reservations`
  ADD CONSTRAINT `reservations_user_id_foreign` FOREIGN KEY (`user_id`) REFERENCES `users` (`id`) ON DELETE CASCADE;

--
-- Constraints for table `students`
--
ALTER TABLE `students`
  ADD CONSTRAINT `students_reservation_id_foreign` FOREIGN KEY (`reservation_id`) REFERENCES `reservations` (`id`) ON DELETE CASCADE,
  ADD CONSTRAINT `students_user_id_foreign` FOREIGN KEY (`user_id`) REFERENCES `users` (`id`) ON DELETE CASCADE;
COMMIT;

/*!40101 SET CHARACTER_SET_CLIENT=@OLD_CHARACTER_SET_CLIENT */;
/*!40101 SET CHARACTER_SET_RESULTS=@OLD_CHARACTER_SET_RESULTS */;
/*!40101 SET COLLATION_CONNECTION=@OLD_COLLATION_CONNECTION */;
